video,roundId,starttime,endtime,won,place,kills,map_ui_position/scale
/home/itec/philipp/nobackup/fn-new-videos/WhyShadyy/20191130_-bUCRsoPcUG4I0gtbrLubw_1575093586.mp4,1,00:06:27,00:09:17,0,100,0,(1532x13)(1818x299); 1.437,
/home/itec/philipp/nobackup/fn-new-videos/XDSmil3yTTV/20191208_XUdCGXNaXkKzfMExAHbcSw_1575790814.mp4,1,00:07:09,00:07:41,0,100,0,(1528x50)(1814x336); 1.007,
/home/itec/philipp/nobackup/fn-new-videos/WhyShadyy/20191203_SrWj6SkIyEKS0npx7rBerQ_1575354205.mp4,1,00:04:48,00:11:52,0,100,0,(1532x13)(1818x299); 1.437,
/home/itec/philipp/nobackup/fn-new-videos/WhyShadyy/20191203_SrWj6SkIyEKS0npx7rBerQ_1575354205.mp4,2,00:13:50,00:16:00,0,100,0,(1532x13)(1818x299); 1.437,
/home/itec/philipp/nobackup/fn-new-videos/WhyShadyy/20191130_-bUCRsoPcUG4I0gtbrLubw_1575093586.mp4,2,00:11:09,00:19:29,0,100,0,(1532x13)(1818x299); 1.437,
/home/itec/philipp/nobackup/fn-new-videos/WhyShadyy/20191203_SrWj6SkIyEKS0npx7rBerQ_1575354205.mp4,3,00:17:51,00:23:04,0,100,0,(1532x13)(1818x299); 1.437,
/home/itec/philipp/nobackup/fn-new-videos/XDSmil3yTTV/20191130_i31zW3L7REa7YoZBR_UrjA_1575143930.mp4,1,00:31:04,00:34:33,0,100,0,(1522x50)(1808x336); 1.004,
/home/itec/philipp/nobackup/fn-new-videos/WhyShadyy/20191129_XgMG9HQeYkSUy2ILC1KFOA_1575032217.mp4,1,00:05:43,00:21:01,0,100,0,(1523x13)(1809x299); 1.430,
/home/itec/philipp/nobackup/fn-new-videos/XDSmil3yTTV/20191208_XUdCGXNaXkKzfMExAHbcSw_1575790814.mp4,2,00:09:17,00:26:43,0,100,0,(1528x50)(1814x336); 1.007,
/home/itec/philipp/nobackup/fn-new-videos/WhyShadyy/20191201_ZF3aJ6Xw_U61YTP6SeAhHQ_1575197867.mp4,1,00:26:25,00:42:48,0,100,0,(1524x13)(1810x299); 1.430,
/home/itec/philipp/nobackup/fn-new-videos/WhyShadyy/20191201_ZF3aJ6Xw_U61YTP6SeAhHQ_1575197867.mp4,2,00:45:17,00:46:38,0,100,0,(1524x13)(1810x299); 1.430,
/home/itec/philipp/nobackup/fn-new-videos/WhyShadyy/20191201_ZF3aJ6Xw_U61YTP6SeAhHQ_1575197867.mp4,3,00:49:14,00:52:29,0,100,0,(1524x13)(1810x299); 1.430,
/home/itec/philipp/nobackup/fn-new-videos/XDSmil3yTTV/20191208_XUdCGXNaXkKzfMExAHbcSw_1575790814.mp4,3,00:28:27,00:43:01,0,100,0,(1528x50)(1814x336); 1.007,
/home/itec/philipp/nobackup/fn-new-videos/WhyShadyy/20191201_ZF3aJ6Xw_U61YTP6SeAhHQ_1575197867.mp4,4,00:54:06,00:56:33,0,100,0,(1524x13)(1810x299); 1.430,
/home/itec/philipp/nobackup/fn-new-videos/XDSmil3yTTV/20191130_i31zW3L7REa7YoZBR_UrjA_1575143930.mp4,2,00:39:06,00:51:52,0,100,0,(1522x50)(1808x336); 1.004,
/home/itec/philipp/nobackup/fn-new-videos/WhyShadyy/20191201_ZF3aJ6Xw_U61YTP6SeAhHQ_1575197867.mp4,5,00:58:12,01:00:38,0,100,0,(1524x13)(1810x299); 1.430,
/home/itec/philipp/nobackup/fn-new-videos/XDSmil3yTTV/20191130_i31zW3L7REa7YoZBR_UrjA_1575143930.mp4,3,00:56:49,01:01:55,0,100,0,(1522x50)(1808x336); 1.004,
/home/itec/philipp/nobackup/fn-new-videos/WhyShadyy/20191130_-bUCRsoPcUG4I0gtbrLubw_1575093586.mp4,3,00:21:16,00:41:49,0,100,0,(1532x13)(1818x299); 1.437,
/home/itec/philipp/nobackup/fn-new-videos/XDSmil3yTTV/20191130_i31zW3L7REa7YoZBR_UrjA_1575143930.mp4,4,01:04:02,01:06:32,0,100,0,(1522x50)(1808x336); 1.004,
/home/itec/philipp/nobackup/fn-new-videos/XDSmil3yTTV/20191208_XUdCGXNaXkKzfMExAHbcSw_1575790814.mp4,4,00:44:42,00:57:30,0,100,0,(1528x50)(1814x336); 1.007,
/home/itec/philipp/nobackup/fn-new-videos/WhyShadyy/20191129_XgMG9HQeYkSUy2ILC1KFOA_1575032217.mp4,2,00:23:42,00:44:27,0,100,0,(1523x13)(1809x299); 1.430,
/home/itec/philipp/nobackup/fn-new-videos/WhyShadyy/20191203_SrWj6SkIyEKS0npx7rBerQ_1575354205.mp4,4,00:35:17,00:58:44,-1,100,0,(1532x13)(1818x299); 1.437,
/home/itec/philipp/nobackup/fn-new-videos/XDSmil3yTTV/20191208_XUdCGXNaXkKzfMExAHbcSw_1575790814.mp4,5,00:59:26,01:01:14,0,100,0,(1528x50)(1814x336); 1.007,
/home/itec/philipp/nobackup/fn-new-videos/XDSmil3yTTV/20191130_i31zW3L7REa7YoZBR_UrjA_1575143930.mp4,5,01:08:47,01:12:36,0,100,0,(1522x50)(1808x336); 1.004,
/home/itec/philipp/nobackup/fn-new-videos/WhyShadyy/20191203_SrWj6SkIyEKS0npx7rBerQ_1575354205.mp4,5,00:58:44,01:02:51,0,100,0,(1532x13)(1818x299); 1.437,
/home/itec/philipp/nobackup/fn-new-videos/WhyShadyy/20191129_XgMG9HQeYkSUy2ILC1KFOA_1575032217.mp4,3,00:48:51,00:57:33,0,100,0,(1523x13)(1809x299); 1.430,
/home/itec/philipp/nobackup/fn-new-videos/XDSmil3yTTV/20191201_UPmwdjADQ0G49ksvaKT1LQ_1575171464.mp4,1,01:08:29,01:17:59,0,100,0,(1522x50)(1808x336); 1.004,
/home/itec/philipp/nobackup/fn-new-videos/XDSmil3yTTV/20191130_i31zW3L7REa7YoZBR_UrjA_1575143930.mp4,6,01:15:49,01:24:45,0,100,0,(1522x50)(1808x336); 1.004,
/home/itec/philipp/nobackup/fn-new-videos/WhyShadyy/20191201_ZF3aJ6Xw_U61YTP6SeAhHQ_1575197867.mp4,6,01:02:26,01:22:48,0,100,0,(1524x13)(1810x299); 1.430,
/home/itec/philipp/nobackup/fn-new-videos/XDSmil3yTTV/20191130_i31zW3L7REa7YoZBR_UrjA_1575143930.mp4,7,01:27:05,01:29:55,0,100,0,(1522x50)(1808x336); 1.004,
/home/itec/philipp/nobackup/fn-new-videos/WhyShadyy/20191130_-bUCRsoPcUG4I0gtbrLubw_1575093586.mp4,4,00:51:05,01:11:06,0,100,0,(1532x13)(1818x299); 1.437,
/home/itec/philipp/nobackup/fn-new-videos/WhyShadyy/20191129_XgMG9HQeYkSUy2ILC1KFOA_1575032217.mp4,4,01:06:28,01:16:08,0,100,0,(1523x13)(1809x299); 1.430,
/home/itec/philipp/nobackup/fn-new-videos/XDSmil3yTTV/20191208_XUdCGXNaXkKzfMExAHbcSw_1575790814.mp4,6,01:03:01,01:23:52,0,100,0,(1528x50)(1814x336); 1.007,
/home/itec/philipp/nobackup/fn-new-videos/WhyShadyy/20191203_SrWj6SkIyEKS0npx7rBerQ_1575354205.mp4,6,01:46:52,01:58:49,0,100,0,(1532x13)(1818x299); 1.437,
/home/itec/philipp/nobackup/fn-new-videos/WhyShadyy/20191129_XgMG9HQeYkSUy2ILC1KFOA_1575032217.mp4,5,01:24:10,01:28:55,0,100,0,(1523x13)(1809x299); 1.430,
/home/itec/philipp/nobackup/fn-new-videos/WhyShadyy/20191201_ZF3aJ6Xw_U61YTP6SeAhHQ_1575197867.mp4,7,01:39:58,01:50:16,0,100,0,(1524x13)(1810x299); 1.430,
/home/itec/philipp/nobackup/fn-new-videos/XDSmil3yTTV/20191201_UPmwdjADQ0G49ksvaKT1LQ_1575171464.mp4,2,01:19:32,01:38:15,1,1,-1,(1522x50)(1808x336); 1.004,
/home/itec/philipp/nobackup/fn-new-videos/XDSmil3yTTV/20191201_UPmwdjADQ0G49ksvaKT1LQ_1575171464.mp4,3,01:39:52,01:45:02,0,100,0,(1522x50)(1808x336); 1.004,
/home/itec/philipp/nobackup/fn-new-videos/WhyShadyy/20191201_ZF3aJ6Xw_U61YTP6SeAhHQ_1575197867.mp4,8,02:03:30,02:08:19,0,100,0,(1524x13)(1810x299); 1.430,
/home/itec/philipp/nobackup/fn-new-videos/StaySteezzy/20191204_vCjAoICgek6ZPNuYT2urug_1575430095.mp4,1,00:13:27,00:24:10,0,100,0,(1519x11)(1805x297); 0.950,
/home/itec/philipp/nobackup/fn-new-videos/XDSmil3yTTV/20191208_XUdCGXNaXkKzfMExAHbcSw_1575790814.mp4,7,01:26:48,01:44:21,0,100,0,(1528x50)(1814x336); 1.007,
/home/itec/philipp/nobackup/fn-new-videos/WhyShadyy/20191130_-bUCRsoPcUG4I0gtbrLubw_1575093586.mp4,5,01:13:38,01:34:01,0,100,0,(1532x13)(1818x299); 1.437,
/home/itec/philipp/nobackup/fn-new-videos/WhyShadyy/20191201_ZF3aJ6Xw_U61YTP6SeAhHQ_1575197867.mp4,9,02:10:34,02:23:18,0,100,0,(1524x13)(1810x299); 1.430,
/home/itec/philipp/nobackup/fn-new-videos/WhyShadyy/20191203_SrWj6SkIyEKS0npx7rBerQ_1575354205.mp4,7,02:04:20,02:23:16,0,100,0,(1532x13)(1818x299); 1.437,
/home/itec/philipp/nobackup/fn-new-videos/WhyShadyy/20191130_-bUCRsoPcUG4I0gtbrLubw_1575093586.mp4,6,01:36:04,01:40:22,0,100,0,(1532x13)(1818x299); 1.437,
/home/itec/philipp/nobackup/fn-new-videos/XDSmil3yTTV/20191201_UPmwdjADQ0G49ksvaKT1LQ_1575171464.mp4,4,01:47:08,02:06:37,1,1,-1,(1522x50)(1808x336); 1.004,
/home/itec/philipp/nobackup/fn-new-videos/WhyShadyy/20191201_ZF3aJ6Xw_U61YTP6SeAhHQ_1575197867.mp4,10,02:25:29,02:32:03,0,100,0,(1524x13)(1810x299); 1.430,
/home/itec/philipp/nobackup/fn-new-videos/StaySteezzy/20191204_vCjAoICgek6ZPNuYT2urug_1575430095.mp4,2,00:26:40,00:41:40,0,100,0,(1519x11)(1805x297); 0.950,
/home/itec/philipp/nobackup/fn-new-videos/StaySteezzy/20191201_Dx2o5CTaSE6yJEWdMbMhZQ_1575177871.mp4,1,00:20:36,00:22:22,0,100,0,(1519x11)(1805x297); 0.950,
/home/itec/philipp/nobackup/fn-new-videos/StaySteezzy/20191205_q6A3dSnQaEiKri4ff6piCw_1575505725.mp4,1,00:23:45,00:26:07,0,100,0,(1520x11)(1806x297); 0.950,
/home/itec/philipp/nobackup/fn-new-videos/XDSmil3yTTV/20191208_XUdCGXNaXkKzfMExAHbcSw_1575790814.mp4,8,01:46:52,02:07:12,0,100,0,(1528x50)(1814x336); 1.007,
/home/itec/philipp/nobackup/fn-new-videos/StaySteezzy/20191211_GpvJrlPPWEqjiudkTbKdWA_1576031482.mp4,1,00:04:11,00:07:39,-1,100,0,(1520x11)(1806x297); 0.950,
/home/itec/philipp/nobackup/fn-new-videos/StaySteezzy/20191201_Dx2o5CTaSE6yJEWdMbMhZQ_1575177871.mp4,2,00:24:38,00:25:58,0,100,0,(1519x11)(1805x297); 0.950,
/home/itec/philipp/nobackup/fn-new-videos/StaySteezzy/20191205_q6A3dSnQaEiKri4ff6piCw_1575505725.mp4,2,00:27:56,00:29:41,0,100,0,(1520x11)(1806x297); 0.950,
/home/itec/philipp/nobackup/fn-new-videos/StaySteezzy/20191211_GpvJrlPPWEqjiudkTbKdWA_1576031482.mp4,2,00:07:39,00:09:40,0,100,0,(1520x11)(1806x297); 0.950,
/home/itec/philipp/nobackup/fn-new-videos/WhyShadyy/20191129_XgMG9HQeYkSUy2ILC1KFOA_1575032217.mp4,6,01:35:14,02:02:22,-1,100,0,(1523x13)(1809x299); 1.430,
/home/itec/philipp/nobackup/fn-new-videos/StaySteezzy/20191203_LVGEo-cFCUadQHkAvIEpJA_1575346187.mp4,1,00:05:42,00:17:28,0,100,0,(1520x11)(1806x297); 0.950,
/home/itec/philipp/nobackup/fn-new-videos/StaySteezzy/20191205_q6A3dSnQaEiKri4ff6piCw_1575505725.mp4,3,00:31:58,00:34:49,0,100,0,(1520x11)(1806x297); 0.950,
/home/itec/philipp/nobackup/fn-new-videos/StaySteezzy/20191201_Dx2o5CTaSE6yJEWdMbMhZQ_1575177871.mp4,3,00:27:39,00:32:12,0,100,0,(1519x11)(1805x297); 0.950,
/home/itec/philipp/nobackup/fn-new-videos/XDSmil3yTTV/20191208_XUdCGXNaXkKzfMExAHbcSw_1575790814.mp4,9,02:09:56,02:21:16,0,100,0,(1528x50)(1814x336); 1.007,
/home/itec/philipp/nobackup/fn-new-videos/StaySteezzy/20191211_GpvJrlPPWEqjiudkTbKdWA_1576031482.mp4,3,00:11:36,00:16:14,-1,100,0,(1520x11)(1806x297); 0.950,
/home/itec/philipp/nobackup/fn-new-videos/StaySteezzy/20191201_Dx2o5CTaSE6yJEWdMbMhZQ_1575177871.mp4,4,00:34:00,00:36:28,0,100,0,(1519x11)(1805x297); 0.950,
/home/itec/philipp/nobackup/fn-new-videos/WhyShadyy/20191130_-bUCRsoPcUG4I0gtbrLubw_1575093586.mp4,7,01:43:37,02:02:46,0,100,0,(1532x13)(1818x299); 1.437,
/home/itec/philipp/nobackup/fn-new-videos/StaySteezzy/20191204_vCjAoICgek6ZPNuYT2urug_1575430095.mp4,3,00:43:15,00:56:10,0,100,0,(1519x11)(1805x297); 0.950,
/home/itec/philipp/nobackup/fn-new-videos/WhyShadyy/20191201_ZF3aJ6Xw_U61YTP6SeAhHQ_1575197867.mp4,11,02:34:02,02:55:12,0,100,0,(1524x13)(1810x299); 1.430,
/home/itec/philipp/nobackup/fn-new-videos/StaySteezzy/20191211_GpvJrlPPWEqjiudkTbKdWA_1576031482.mp4,4,00:16:14,00:19:44,-1,100,0,(1520x11)(1806x297); 0.950,
/home/itec/philipp/nobackup/fn-new-videos/WhyShadyy/20191130_-bUCRsoPcUG4I0gtbrLubw_1575093586.mp4,8,02:07:27,02:11:15,0,100,0,(1532x13)(1818x299); 1.437,
/home/itec/philipp/nobackup/fn-new-videos/StaySteezzy/20191205_q6A3dSnQaEiKri4ff6piCw_1575505725.mp4,4,00:36:39,00:44:50,0,100,0,(1520x11)(1806x297); 0.950,
/home/itec/philipp/nobackup/fn-new-videos/WhyShadyy/20191201_ZF3aJ6Xw_U61YTP6SeAhHQ_1575197867.mp4,12,02:58:03,03:01:00,0,100,0,(1524x13)(1810x299); 1.430,
/home/itec/philipp/nobackup/fn-new-videos/StaySteezzy/20191201_Dx2o5CTaSE6yJEWdMbMhZQ_1575177871.mp4,5,00:38:29,00:43:31,-1,100,0,(1519x11)(1805x297); 0.950,
/home/itec/philipp/nobackup/fn-new-videos/XDSmil3yTTV/20191208_XUdCGXNaXkKzfMExAHbcSw_1575790814.mp4,10,02:23:04,02:32:07,0,100,0,(1528x50)(1814x336); 1.007,
/home/itec/philipp/nobackup/fn-new-videos/StaySteezzy/20191207_c64HAc5DkkyHWQNqkjbELw_1575681043.mp4,1,00:11:32,00:32:38,0,100,0,(1519x11)(1805x297); 0.950,
/home/itec/philipp/nobackup/fn-new-videos/WhyShadyy/20191201_ZF3aJ6Xw_U61YTP6SeAhHQ_1575197867.mp4,13,03:02:43,03:06:43,-1,100,0,(1524x13)(1810x299); 1.430,
/home/itec/philipp/nobackup/fn-new-videos/WhyShadyy/20191201_ZF3aJ6Xw_U61YTP6SeAhHQ_1575197867.mp4,14,03:06:43,03:08:49,0,100,0,(1524x13)(1810x299); 1.430,
/home/itec/philipp/nobackup/fn-new-videos/StaySteezzy/20191201_Dx2o5CTaSE6yJEWdMbMhZQ_1575177871.mp4,6,00:43:31,00:48:08,0,100,0,(1519x11)(1805x297); 0.950,
/home/itec/philipp/nobackup/fn-new-videos/WhyShadyy/20191129_XgMG9HQeYkSUy2ILC1KFOA_1575032217.mp4,7,02:02:22,02:23:14,0,100,0,(1523x13)(1809x299); 1.430,
/home/itec/philipp/nobackup/fn-new-videos/StaySteezzy/20191203_LVGEo-cFCUadQHkAvIEpJA_1575346187.mp4,2,00:19:29,00:35:07,0,100,0,(1520x11)(1806x297); 0.950,
/home/itec/philipp/nobackup/fn-new-videos/StaySteezzy/20191201_Dx2o5CTaSE6yJEWdMbMhZQ_1575177871.mp4,7,00:49:43,00:51:02,0,100,0,(1519x11)(1805x297); 0.950,
/home/itec/philipp/nobackup/fn-new-videos/StaySteezzy/20191211_GpvJrlPPWEqjiudkTbKdWA_1576031482.mp4,5,00:19:44,00:30:08,0,100,0,(1520x11)(1806x297); 0.950,
/home/itec/philipp/nobackup/fn-new-videos/StaySteezzy/20191203_LVGEo-cFCUadQHkAvIEpJA_1575346187.mp4,3,00:36:39,00:39:47,0,100,0,(1520x11)(1806x297); 0.950,
/home/itec/philipp/nobackup/fn-new-videos/StaySteezzy/20191201_Dx2o5CTaSE6yJEWdMbMhZQ_1575177871.mp4,8,00:54:56,00:56:32,0,100,0,(1519x11)(1805x297); 0.950,
/home/itec/philipp/nobackup/fn-new-videos/StaySteezzy/20191208_NCi5U85apUaVZzVyXPIbLg_1575766275.mp4,1,00:12:34,00:15:06,-1,100,0,(1519x11)(1805x297); 0.950,
/home/itec/philipp/nobackup/fn-new-videos/StaySteezzy/20191207_c64HAc5DkkyHWQNqkjbELw_1575681043.mp4,2,00:34:34,00:44:41,0,100,0,(1519x11)(1805x297); 0.950,
/home/itec/philipp/nobackup/fn-new-videos/StaySteezzy/20191203_LVGEo-cFCUadQHkAvIEpJA_1575346187.mp4,4,00:41:47,00:46:45,0,100,0,(1520x11)(1806x297); 0.950,
/home/itec/philipp/nobackup/fn-new-videos/WhyShadyy/20191130_-bUCRsoPcUG4I0gtbrLubw_1575093586.mp4,9,02:15:59,02:36:40,0,100,0,(1532x13)(1818x299); 1.437,
/home/itec/philipp/nobackup/fn-new-videos/StaySteezzy/20191207_c64HAc5DkkyHWQNqkjbELw_1575681043.mp4,3,00:50:28,00:54:27,0,100,0,(1519x11)(1805x297); 0.950,
/home/itec/philipp/nobackup/fn-new-videos/WhyShadyy/20191201_ZF3aJ6Xw_U61YTP6SeAhHQ_1575197867.mp4,15,03:10:30,03:29:31,1,1,-1,(1524x13)(1810x299); 1.430,
/home/itec/philipp/nobackup/fn-new-videos/StaySteezzy/20191204_vCjAoICgek6ZPNuYT2urug_1575430095.mp4,4,00:57:59,01:20:39,0,100,0,(1519x11)(1805x297); 0.950,
/home/itec/philipp/nobackup/fn-new-videos/StaySteezzy/20191207_c64HAc5DkkyHWQNqkjbELw_1575681043.mp4,4,00:56:47,01:00:06,0,100,0,(1519x11)(1805x297); 0.950,
/home/itec/philipp/nobackup/fn-new-videos/StaySteezzy/20191211_GpvJrlPPWEqjiudkTbKdWA_1576031482.mp4,6,00:32:29,00:48:29,-1,100,0,(1520x11)(1806x297); 0.950,
/home/itec/philipp/nobackup/fn-new-videos/WhyShadyy/20191201_ZF3aJ6Xw_U61YTP6SeAhHQ_1575197867.mp4,16,03:31:28,03:36:35,0,100,0,(1524x13)(1810x299); 1.430,
/home/itec/philipp/nobackup/fn-new-videos/StaySteezzy/20191205_q6A3dSnQaEiKri4ff6piCw_1575505725.mp4,5,00:46:40,01:10:58,-1,100,0,(1520x11)(1806x297); 0.950,
/home/itec/philipp/nobackup/fn-new-videos/WhyShadyy/20191201_ZF3aJ6Xw_U61YTP6SeAhHQ_1575197867.mp4,17,03:38:15,03:41:17,0,100,0,(1524x13)(1810x299); 1.430,
/home/itec/philipp/nobackup/fn-new-videos/StaySteezzy/20191208_NCi5U85apUaVZzVyXPIbLg_1575766275.mp4,2,00:15:06,00:31:45,0,100,0,(1519x11)(1805x297); 0.950,
/home/itec/philipp/nobackup/fn-new-videos/StaySteezzy/20191205_q6A3dSnQaEiKri4ff6piCw_1575505725.mp4,6,01:10:58,01:12:27,0,100,0,(1520x11)(1806x297); 0.950,
/home/itec/philipp/nobackup/fn-new-videos/StaySteezzy/20191201_Dx2o5CTaSE6yJEWdMbMhZQ_1575177871.mp4,9,00:58:26,01:14:17,0,100,0,(1519x11)(1805x297); 0.950,
/home/itec/philipp/nobackup/fn-new-videos/StaySteezzy/20191211_GpvJrlPPWEqjiudkTbKdWA_1576031482.mp4,7,00:48:29,00:52:40,-1,100,0,(1520x11)(1806x297); 0.950,
/home/itec/philipp/nobackup/fn-new-videos/WhyShadyy/20191201_ZF3aJ6Xw_U61YTP6SeAhHQ_1575197867.mp4,18,03:43:40,03:45:41,0,100,0,(1524x13)(1810x299); 1.430,
/home/itec/philipp/nobackup/fn-new-videos/WhyShadyy/20191129_XgMG9HQeYkSUy2ILC1KFOA_1575032217.mp4,8,04:35:29,04:36:58,-1,-1,-1,(1523x13)(1809x299); 1.430,
/home/itec/philipp/nobackup/fn-new-videos/StaySteezzy/20191203_LVGEo-cFCUadQHkAvIEpJA_1575346187.mp4,5,00:48:11,01:03:13,0,100,0,(1520x11)(1806x297); 0.950,
/home/itec/philipp/nobackup/fn-new-videos/WhyShadyy/20191201_ZF3aJ6Xw_U61YTP6SeAhHQ_1575197867.mp4,19,03:47:23,03:50:16,0,100,0,(1524x13)(1810x299); 1.430,
/home/itec/philipp/nobackup/fn-new-videos/StaySteezzy/20191201_Dx2o5CTaSE6yJEWdMbMhZQ_1575177871.mp4,10,01:17:52,01:20:24,0,100,0,(1519x11)(1805x297); 0.950,
/home/itec/philipp/nobackup/fn-new-videos/StaySteezzy/20191211_GpvJrlPPWEqjiudkTbKdWA_1576031482.mp4,8,00:52:40,00:57:17,0,100,0,(1520x11)(1806x297); 0.950,
/home/itec/philipp/nobackup/fn-new-videos/WhyShadyy/20191130_-bUCRsoPcUG4I0gtbrLubw_1575093586.mp4,10,02:40:37,02:56:25,0,100,0,(1532x13)(1818x299); 1.437,
/home/itec/philipp/nobackup/fn-new-videos/StaySteezzy/20191207_c64HAc5DkkyHWQNqkjbELw_1575681043.mp4,5,01:01:57,01:11:16,0,100,0,(1519x11)(1805x297); 0.950,
/home/itec/philipp/nobackup/fn-new-videos/StaySteezzy/20191207_c64HAc5DkkyHWQNqkjbELw_1575681043.mp4,6,01:13:10,01:14:19,0,100,0,(1519x11)(1805x297); 0.950,
/home/itec/philipp/nobackup/fn-new-videos/StaySteezzy/20191211_GpvJrlPPWEqjiudkTbKdWA_1576031482.mp4,9,01:01:42,01:04:05,0,100,0,(1520x11)(1806x297); 0.950,
/home/itec/philipp/nobackup/fn-new-videos/RedMenace/20191207__kPAjoufmE6Ub2F7sZKYqA_1575723475.mp4,1,00:05:16,00:16:52,0,100,0,(1531x50)(1817x336); 1.513,
/home/itec/philipp/nobackup/fn-new-videos/StaySteezzy/20191207_c64HAc5DkkyHWQNqkjbELw_1575681043.mp4,7,01:16:03,01:17:29,0,100,0,(1519x11)(1805x297); 0.950,
/home/itec/philipp/nobackup/fn-new-videos/StaySteezzy/20191203_LVGEo-cFCUadQHkAvIEpJA_1575346187.mp4,6,01:04:44,01:12:19,0,100,0,(1520x11)(1806x297); 0.950,
/home/itec/philipp/nobackup/fn-new-videos/StaySteezzy/20191208_NCi5U85apUaVZzVyXPIbLg_1575766275.mp4,3,00:33:42,00:45:54,0,100,0,(1519x11)(1805x297); 0.950,
/home/itec/philipp/nobackup/fn-new-videos/RedMenace/20191207__kPAjoufmE6Ub2F7sZKYqA_1575723475.mp4,2,00:19:44,00:23:50,0,100,0,(1531x50)(1817x336); 1.513,
/home/itec/philipp/nobackup/fn-new-videos/StaySteezzy/20191201_Dx2o5CTaSE6yJEWdMbMhZQ_1575177871.mp4,11,01:22:04,01:30:57,0,100,0,(1519x11)(1805x297); 0.950,
/home/itec/philipp/nobackup/fn-new-videos/StaySteezzy/20191207_c64HAc5DkkyHWQNqkjbELw_1575681043.mp4,8,01:19:30,01:21:44,0,100,0,(1519x11)(1805x297); 0.950,
/home/itec/philipp/nobackup/fn-new-videos/WhyShadyy/20191201_ZF3aJ6Xw_U61YTP6SeAhHQ_1575197867.mp4,20,03:52:06,04:06:18,0,100,0,(1524x13)(1810x299); 1.430,
/home/itec/philipp/nobackup/fn-new-videos/StaySteezzy/20191204_vCjAoICgek6ZPNuYT2urug_1575430095.mp4,5,01:22:17,01:40:25,0,100,0,(1519x11)(1805x297); 0.950,
/home/itec/philipp/nobackup/fn-new-videos/StaySteezzy/20191207_c64HAc5DkkyHWQNqkjbELw_1575681043.mp4,9,01:23:21,01:26:23,0,100,0,(1519x11)(1805x297); 0.950,
/home/itec/philipp/nobackup/fn-new-videos/StaySteezzy/20191203_LVGEo-cFCUadQHkAvIEpJA_1575346187.mp4,7,01:13:54,01:20:23,0,100,0,(1520x11)(1806x297); 0.950,
/home/itec/philipp/nobackup/fn-new-videos/StaySteezzy/20191211_GpvJrlPPWEqjiudkTbKdWA_1576031482.mp4,10,01:06:08,01:14:47,-1,100,0,(1520x11)(1806x297); 0.950,
/home/itec/philipp/nobackup/fn-new-videos/StaySteezzy/20191207_c64HAc5DkkyHWQNqkjbELw_1575681043.mp4,10,01:28:03,01:30:14,0,100,0,(1519x11)(1805x297); 0.950,
/home/itec/philipp/nobackup/fn-new-videos/StaySteezzy/20191205_q6A3dSnQaEiKri4ff6piCw_1575505725.mp4,7,01:14:42,01:33:21,0,100,0,(1520x11)(1806x297); 0.950,
/home/itec/philipp/nobackup/fn-new-videos/StaySteezzy/20191211_GpvJrlPPWEqjiudkTbKdWA_1576031482.mp4,11,01:14:47,01:15:58,0,100,0,(1520x11)(1806x297); 0.950,
/home/itec/philipp/nobackup/fn-new-videos/StaySteezzy/20191204_vCjAoICgek6ZPNuYT2urug_1575430095.mp4,6,01:43:45,01:47:46,0,100,0,(1519x11)(1805x297); 0.950,
/home/itec/philipp/nobackup/fn-new-videos/StaySteezzy/20191208_NCi5U85apUaVZzVyXPIbLg_1575766275.mp4,4,00:47:33,01:01:17,0,100,0,(1519x11)(1805x297); 0.950,
/home/itec/philipp/nobackup/fn-new-videos/WhyShadyy/20191130_-bUCRsoPcUG4I0gtbrLubw_1575093586.mp4,11,03:25:26,03:36:10,-1,100,0,(1532x13)(1818x299); 1.437,
/home/itec/philipp/nobackup/fn-new-videos/StaySteezzy/20191203_LVGEo-cFCUadQHkAvIEpJA_1575346187.mp4,8,01:21:58,01:29:27,0,100,0,(1520x11)(1806x297); 0.950,
/home/itec/philipp/nobackup/fn-new-videos/StaySteezzy/20191204_vCjAoICgek6ZPNuYT2urug_1575430095.mp4,7,01:49:27,01:53:35,0,100,0,(1519x11)(1805x297); 0.950,
/home/itec/philipp/nobackup/fn-new-videos/WhyShadyy/20191201_ZF3aJ6Xw_U61YTP6SeAhHQ_1575197867.mp4,21,04:08:41,04:27:32,0,100,0,(1524x13)(1810x299); 1.430,
/home/itec/philipp/nobackup/fn-new-videos/RedMenace/20191207__kPAjoufmE6Ub2F7sZKYqA_1575723475.mp4,3,00:28:14,00:51:50,-1,100,0,(1531x50)(1817x336); 1.513,
/home/itec/philipp/nobackup/fn-new-videos/RedMenace/20191207__kPAjoufmE6Ub2F7sZKYqA_1575723475.mp4,4,00:51:50,00:53:42,0,100,0,(1531x50)(1817x336); 1.513,
/home/itec/philipp/nobackup/fn-new-videos/RedMenace/20191207__kPAjoufmE6Ub2F7sZKYqA_1575723475.mp4,5,00:57:02,00:58:14,0,100,0,(1531x50)(1817x336); 1.513,
/home/itec/philipp/nobackup/fn-new-videos/StaySteezzy/20191201_Dx2o5CTaSE6yJEWdMbMhZQ_1575177871.mp4,12,01:32:35,01:47:53,0,100,0,(1519x11)(1805x297); 0.950,
/home/itec/philipp/nobackup/fn-new-videos/StaySteezzy/20191207_c64HAc5DkkyHWQNqkjbELw_1575681043.mp4,11,01:31:58,01:40:11,0,100,0,(1519x11)(1805x297); 0.950,
/home/itec/philipp/nobackup/fn-new-videos/RedMenace/20191207__kPAjoufmE6Ub2F7sZKYqA_1575723475.mp4,6,01:00:38,01:04:42,0,100,0,(1531x50)(1817x336); 1.513,
/home/itec/philipp/nobackup/fn-new-videos/StaySteezzy/20191208_NCi5U85apUaVZzVyXPIbLg_1575766275.mp4,5,01:02:58,01:13:35,0,100,0,(1519x11)(1805x297); 0.950,
/home/itec/philipp/nobackup/fn-new-videos/StaySteezzy/20191201_Dx2o5CTaSE6yJEWdMbMhZQ_1575177871.mp4,13,01:49:30,01:53:00,0,100,0,(1519x11)(1805x297); 0.950,
/home/itec/philipp/nobackup/fn-new-videos/WhyShadyy/20191130_-bUCRsoPcUG4I0gtbrLubw_1575093586.mp4,12,03:36:10,03:47:10,0,100,0,(1532x13)(1818x299); 1.437,
/home/itec/philipp/nobackup/fn-new-videos/StaySteezzy/20191203_LVGEo-cFCUadQHkAvIEpJA_1575346187.mp4,9,01:31:01,01:38:47,-1,100,0,(1520x11)(1806x297); 0.950,
/home/itec/philipp/nobackup/fn-new-videos/WhyShadyy/20191201_ZF3aJ6Xw_U61YTP6SeAhHQ_1575197867.mp4,22,04:29:07,04:40:50,0,100,0,(1524x13)(1810x299); 1.430,
/home/itec/philipp/nobackup/fn-new-videos/StaySteezzy/20191204_vCjAoICgek6ZPNuYT2urug_1575430095.mp4,8,01:58:00,02:09:13,0,100,0,(1519x11)(1805x297); 0.950,
/home/itec/philipp/nobackup/fn-new-videos/WhyShadyy/20191201_ZF3aJ6Xw_U61YTP6SeAhHQ_1575197867.mp4,23,04:57:50,04:59:41,0,100,0,(1524x13)(1810x299); 1.430,
/home/itec/philipp/nobackup/fn-new-videos/StaySteezzy/20191211_GpvJrlPPWEqjiudkTbKdWA_1576031482.mp4,12,01:19:21,01:40:48,1,1,-1,(1520x11)(1806x297); 0.950,
/home/itec/philipp/nobackup/fn-new-videos/StaySteezzy/20191205_q6A3dSnQaEiKri4ff6piCw_1575505725.mp4,8,01:35:09,01:56:44,-1,-1,-1,(1520x11)(1806x297); 0.950,
/home/itec/philipp/nobackup/fn-new-videos/StaySteezzy/20191203_LVGEo-cFCUadQHkAvIEpJA_1575346187.mp4,10,01:38:47,01:48:48,0,100,0,(1520x11)(1806x297); 0.950,
/home/itec/philipp/nobackup/fn-new-videos/RedMenace/20191129_5NTeAXtTv0mCU0kB5TgjNg_1575029111.mp4,1,00:07:53,00:11:10,0,100,0,(1531x51)(1817x337); 1.513,
/home/itec/philipp/nobackup/fn-new-videos/StaySteezzy/20191203_LVGEo-cFCUadQHkAvIEpJA_1575346187.mp4,11,01:50:57,01:54:20,0,100,0,(1520x11)(1806x297); 0.950,
/home/itec/philipp/nobackup/fn-new-videos/RedMenace/20191207__kPAjoufmE6Ub2F7sZKYqA_1575723475.mp4,7,01:11:19,01:35:28,-1,100,0,(1531x50)(1817x336); 1.513,
/home/itec/philipp/nobackup/fn-new-videos/RedMenace/20191129_5NTeAXtTv0mCU0kB5TgjNg_1575029111.mp4,2,00:13:15,00:15:15,0,100,0,(1531x51)(1817x337); 1.513,
/home/itec/philipp/nobackup/fn-new-videos/StaySteezzy/20191211_GpvJrlPPWEqjiudkTbKdWA_1576031482.mp4,13,01:44:40,01:49:35,0,100,0,(1520x11)(1806x297); 0.950,
/home/itec/philipp/nobackup/fn-new-videos/StaySteezzy/20191201_Dx2o5CTaSE6yJEWdMbMhZQ_1575177871.mp4,14,01:54:40,02:11:28,1,1,-1,(1519x11)(1805x297); 0.950,
/home/itec/philipp/nobackup/fn-new-videos/RedMenace/20191207__kPAjoufmE6Ub2F7sZKYqA_1575723475.mp4,8,01:35:28,01:37:33,0,100,0,(1531x50)(1817x336); 1.513,
/home/itec/philipp/nobackup/fn-new-videos/RedMenace/20191129_5NTeAXtTv0mCU0kB5TgjNg_1575029111.mp4,3,00:17:01,00:19:09,-1,100,0,(1531x51)(1817x337); 1.513,
/home/itec/philipp/nobackup/fn-new-videos/StaySteezzy/20191208_NCi5U85apUaVZzVyXPIbLg_1575766275.mp4,6,01:15:10,01:35:02,1,1,-1,(1519x11)(1805x297); 0.950,
/home/itec/philipp/nobackup/fn-new-videos/WhyShadyy/20191201_ZF3aJ6Xw_U61YTP6SeAhHQ_1575197867.mp4,24,05:01:27,05:12:00,0,100,0,(1524x13)(1810x299); 1.430,
/home/itec/philipp/nobackup/fn-new-videos/StaySteezzy/20191203_LVGEo-cFCUadQHkAvIEpJA_1575346187.mp4,12,01:56:26,01:58:23,0,100,0,(1520x11)(1806x297); 0.950,
/home/itec/philipp/nobackup/fn-new-videos/RedMenace/20191207__kPAjoufmE6Ub2F7sZKYqA_1575723475.mp4,9,01:39:09,01:42:32,0,100,0,(1531x50)(1817x336); 1.513,
/home/itec/philipp/nobackup/fn-new-videos/WhyShadyy/20191130_-bUCRsoPcUG4I0gtbrLubw_1575093586.mp4,13,03:52:50,04:10:58,0,100,0,(1532x13)(1818x299); 1.437,
/home/itec/philipp/nobackup/fn-new-videos/RedMenace/20191129_5NTeAXtTv0mCU0kB5TgjNg_1575029111.mp4,4,00:19:09,00:21:53,0,100,0,(1531x51)(1817x337); 1.513,
/home/itec/philipp/nobackup/fn-new-videos/StaySteezzy/20191204_vCjAoICgek6ZPNuYT2urug_1575430095.mp4,9,02:13:34,02:31:10,1,1,-1,(1519x11)(1805x297); 0.950,
/home/itec/philipp/nobackup/fn-new-videos/RedMenace/20191211_0pXPk3G4aESqYtDRZ92lIA_1576064505.mp4,1,00:25:12,00:50:30,-1,100,0,(1531x51)(1817x337); 1.513,
/home/itec/philipp/nobackup/fn-new-videos/StaySteezzy/20191204_vCjAoICgek6ZPNuYT2urug_1575430095.mp4,10,02:34:10,02:37:35,0,100,0,(1519x11)(1805x297); 0.950,
/home/itec/philipp/nobackup/fn-new-videos/StaySteezzy/20191208_NCi5U85apUaVZzVyXPIbLg_1575766275.mp4,7,01:36:50,01:48:46,0,100,0,(1519x11)(1805x297); 0.950,
/home/itec/philipp/nobackup/fn-new-videos/StaySteezzy/20191201_Dx2o5CTaSE6yJEWdMbMhZQ_1575177871.mp4,15,02:16:18,02:27:54,0,100,0,(1519x11)(1805x297); 0.950,
/home/itec/philipp/nobackup/fn-new-videos/RedMenace/20191207__kPAjoufmE6Ub2F7sZKYqA_1575723475.mp4,10,01:59:48,02:14:41,0,100,0,(1531x50)(1817x336); 1.513,
/home/itec/philipp/nobackup/fn-new-videos/RedMenace/20191207__kPAjoufmE6Ub2F7sZKYqA_1575723475.mp4,11,02:18:37,02:22:35,0,100,0,(1531x50)(1817x336); 1.513,
/home/itec/philipp/nobackup/fn-new-videos/RedMenace/20191211_0pXPk3G4aESqYtDRZ92lIA_1576064505.mp4,2,00:50:30,01:05:06,0,100,0,(1531x51)(1817x337); 1.513,
/home/itec/philipp/nobackup/fn-new-videos/RedMenace/20191129_5NTeAXtTv0mCU0kB5TgjNg_1575029111.mp4,5,00:24:00,00:46:12,1,1,-1,(1531x51)(1817x337); 1.513,
/home/itec/philipp/nobackup/fn-new-videos/StaySteezzy/20191211_GpvJrlPPWEqjiudkTbKdWA_1576031482.mp4,14,01:52:58,02:13:00,0,100,0,(1520x11)(1806x297); 0.950,
/home/itec/philipp/nobackup/fn-new-videos/RedMenace/20191211_0pXPk3G4aESqYtDRZ92lIA_1576064505.mp4,3,01:07:39,01:09:48,0,100,0,(1531x51)(1817x337); 1.513,
/home/itec/philipp/nobackup/fn-new-videos/WhyShadyy/20191201_ZF3aJ6Xw_U61YTP6SeAhHQ_1575197867.mp4,25,05:20:01,05:40:41,0,100,0,(1524x13)(1810x299); 1.430,
/home/itec/philipp/nobackup/fn-new-videos/StaySteezzy/20191203_LVGEo-cFCUadQHkAvIEpJA_1575346187.mp4,13,02:00:09,02:20:26,-1,100,0,(1520x11)(1806x297); 0.950,
/home/itec/philipp/nobackup/fn-new-videos/RedMenace/20191211_0pXPk3G4aESqYtDRZ92lIA_1576064505.mp4,4,01:11:57,01:14:22,0,100,0,(1531x51)(1817x337); 1.513,
/home/itec/philipp/nobackup/fn-new-videos/Flopysock/20191130_5hchg8-B20SyvYkF2RHWPg_1575076848.mp4,1,00:06:25,00:09:42,0,100,0,(1526x11)(1812x297); 1.430,
/home/itec/philipp/nobackup/fn-new-videos/StaySteezzy/20191201_Dx2o5CTaSE6yJEWdMbMhZQ_1575177871.mp4,16,02:30:34,02:41:48,0,100,0,(1519x11)(1805x297); 0.950,
/home/itec/philipp/nobackup/fn-new-videos/WhyShadyy/20191201_ZF3aJ6Xw_U61YTP6SeAhHQ_1575197867.mp4,26,05:42:18,05:46:15,0,100,0,(1524x13)(1810x299); 1.430,
/home/itec/philipp/nobackup/fn-new-videos/RedMenace/20191208_9UQhKZ_kmUmlDyuaAgdqMA_1575770128.mp4,1,00:07:08,00:20:23,0,100,0,(1523x50)(1809x336); 1.505,
/home/itec/philipp/nobackup/fn-new-videos/StaySteezzy/20191204_vCjAoICgek6ZPNuYT2urug_1575430095.mp4,11,02:39:58,02:54:48,0,100,0,(1519x11)(1805x297); 0.950,
/home/itec/philipp/nobackup/fn-new-videos/StaySteezzy/20191201_Dx2o5CTaSE6yJEWdMbMhZQ_1575177871.mp4,17,02:43:41,02:45:21,0,100,0,(1519x11)(1805x297); 0.950,
/home/itec/philipp/nobackup/fn-new-videos/RedMenace/20191207__kPAjoufmE6Ub2F7sZKYqA_1575723475.mp4,12,02:24:20,02:39:16,0,100,0,(1531x50)(1817x336); 1.513,
/home/itec/philipp/nobackup/fn-new-videos/WhyShadyy/20191201_ZF3aJ6Xw_U61YTP6SeAhHQ_1575197867.mp4,27,05:47:59,05:53:52,0,100,0,(1524x13)(1810x299); 1.430,
/home/itec/philipp/nobackup/fn-new-videos/RedMenace/20191211_0pXPk3G4aESqYtDRZ92lIA_1576064505.mp4,5,01:16:24,01:26:04,0,100,0,(1531x51)(1817x337); 1.513,
/home/itec/philipp/nobackup/fn-new-videos/RedMenace/20191207__kPAjoufmE6Ub2F7sZKYqA_1575723475.mp4,13,02:41:46,02:44:56,0,100,0,(1531x50)(1817x336); 1.513,
/home/itec/philipp/nobackup/fn-new-videos/StaySteezzy/20191203_LVGEo-cFCUadQHkAvIEpJA_1575346187.mp4,14,02:20:26,02:31:40,0,100,0,(1520x11)(1806x297); 0.950,
/home/itec/philipp/nobackup/fn-new-videos/Flopysock/20191130_5hchg8-B20SyvYkF2RHWPg_1575076848.mp4,2,00:18:26,00:31:01,0,100,0,(1526x11)(1812x297); 1.430,
/home/itec/philipp/nobackup/fn-new-videos/StaySteezzy/20191203_LVGEo-cFCUadQHkAvIEpJA_1575346187.mp4,15,02:35:31,02:36:59,0,100,0,(1520x11)(1806x297); 0.950,
/home/itec/philipp/nobackup/fn-new-videos/RedMenace/20191211_0pXPk3G4aESqYtDRZ92lIA_1576064505.mp4,6,01:28:23,01:36:17,0,100,0,(1531x51)(1817x337); 1.513,
/home/itec/philipp/nobackup/fn-new-videos/RedMenace/20191129_5NTeAXtTv0mCU0kB5TgjNg_1575029111.mp4,6,00:48:03,01:10:06,0,100,0,(1531x51)(1817x337); 1.513,
/home/itec/philipp/nobackup/fn-new-videos/Flopysock/20191130_5hchg8-B20SyvYkF2RHWPg_1575076848.mp4,3,00:37:22,00:40:31,0,100,0,(1526x11)(1812x297); 1.430,
/home/itec/philipp/nobackup/fn-new-videos/StaySteezzy/20191211_GpvJrlPPWEqjiudkTbKdWA_1576031482.mp4,15,02:17:40,02:33:36,0,100,0,(1520x11)(1806x297); 0.950,
/home/itec/philipp/nobackup/fn-new-videos/RedMenace/20191207__kPAjoufmE6Ub2F7sZKYqA_1575723475.mp4,14,02:46:51,02:58:13,0,100,0,(1531x50)(1817x336); 1.513,
/home/itec/philipp/nobackup/fn-new-videos/StaySteezzy/20191203_LVGEo-cFCUadQHkAvIEpJA_1575346187.mp4,16,02:38:48,02:42:38,-1,100,0,(1520x11)(1806x297); 0.950,
/home/itec/philipp/nobackup/fn-new-videos/StaySteezzy/20191201_Dx2o5CTaSE6yJEWdMbMhZQ_1575177871.mp4,18,02:48:02,03:03:53,0,100,0,(1519x11)(1805x297); 0.950,
/home/itec/philipp/nobackup/fn-new-videos/StaySteezzy/20191204_vCjAoICgek6ZPNuYT2urug_1575430095.mp4,12,02:57:13,03:11:42,0,100,0,(1519x11)(1805x297); 0.950,
/home/itec/philipp/nobackup/fn-new-videos/RedMenace/20191207__kPAjoufmE6Ub2F7sZKYqA_1575723475.mp4,15,03:00:15,03:05:11,0,100,0,(1531x50)(1817x336); 1.513,
/home/itec/philipp/nobackup/fn-new-videos/WhyShadyy/20191201_ZF3aJ6Xw_U61YTP6SeAhHQ_1575197867.mp4,28,07:15:24,07:17:48,0,100,0,(1524x13)(1810x299); 1.430,
/home/itec/philipp/nobackup/fn-new-videos/RedMenace/20191211_0pXPk3G4aESqYtDRZ92lIA_1576064505.mp4,7,02:25:38,02:40:59,0,100,0,(1531x51)(1817x337); 1.513,
/home/itec/philipp/nobackup/fn-new-videos/RedMenace/20191129_5NTeAXtTv0mCU0kB5TgjNg_1575029111.mp4,7,02:00:13,02:17:05,0,100,0,(1531x51)(1817x337); 1.513,
/home/itec/philipp/nobackup/fn-new-videos/WhyShadyy/20191201_ZF3aJ6Xw_U61YTP6SeAhHQ_1575197867.mp4,29,07:21:17,07:30:54,0,100,0,(1524x13)(1810x299); 1.430,
/home/itec/philipp/nobackup/fn-new-videos/StaySteezzy/20191203_LVGEo-cFCUadQHkAvIEpJA_1575346187.mp4,17,02:42:38,02:59:45,1,1,-1,(1520x11)(1806x297); 0.950,
/home/itec/philipp/nobackup/fn-new-videos/RedMenace/20191211_0pXPk3G4aESqYtDRZ92lIA_1576064505.mp4,8,02:43:09,02:51:19,0,100,0,(1531x51)(1817x337); 1.513,
/home/itec/philipp/nobackup/fn-new-videos/RedMenace/20191207__kPAjoufmE6Ub2F7sZKYqA_1575723475.mp4,16,03:06:58,03:24:25,1,1,-1,(1531x50)(1817x336); 1.513,
/home/itec/philipp/nobackup/fn-new-videos/Flopysock/20191130_5hchg8-B20SyvYkF2RHWPg_1575076848.mp4,4,00:43:00,01:05:34,1,1,-1,(1526x11)(1812x297); 1.430,
/home/itec/philipp/nobackup/fn-new-videos/RedMenace/20191129_5NTeAXtTv0mCU0kB5TgjNg_1575029111.mp4,8,02:19:02,02:32:22,0,100,0,(1531x51)(1817x337); 1.513,
/home/itec/philipp/nobackup/fn-new-videos/WhyShadyy/20191201_ZF3aJ6Xw_U61YTP6SeAhHQ_1575197867.mp4,30,07:33:22,07:46:16,0,100,0,(1524x13)(1810x299); 1.430,
/home/itec/philipp/nobackup/fn-new-videos/StaySteezzy/20191211_GpvJrlPPWEqjiudkTbKdWA_1576031482.mp4,16,02:35:48,02:56:53,1,1,-1,(1520x11)(1806x297); 0.950,
/home/itec/philipp/nobackup/fn-new-videos/RedMenace/20191211_0pXPk3G4aESqYtDRZ92lIA_1576064505.mp4,9,02:53:08,03:07:26,0,100,0,(1531x51)(1817x337); 1.513,
/home/itec/philipp/nobackup/fn-new-videos/CleverNyx/20191205_1Mfc0pH7tUyW6tQ-bnp79A_1575576753.mp4,1,00:06:24,00:20:50,1,1,-1,(1601x12)(1887x298); 1.490,
/home/itec/philipp/nobackup/fn-new-videos/WhyShadyy/20191201_ZF3aJ6Xw_U61YTP6SeAhHQ_1575197867.mp4,31,07:48:33,07:50:50,0,100,0,(1524x13)(1810x299); 1.430,
/home/itec/philipp/nobackup/fn-new-videos/StaySteezzy/20191203_LVGEo-cFCUadQHkAvIEpJA_1575346187.mp4,18,03:01:55,03:13:52,0,100,0,(1520x11)(1806x297); 0.950,
/home/itec/philipp/nobackup/fn-new-videos/RedMenace/20191129_5NTeAXtTv0mCU0kB5TgjNg_1575029111.mp4,9,03:02:29,03:05:14,0,100,0,(1531x51)(1817x337); 1.513,
/home/itec/philipp/nobackup/fn-new-videos/WhyShadyy/20191201_ZF3aJ6Xw_U61YTP6SeAhHQ_1575197867.mp4,32,07:53:47,07:57:55,0,100,0,(1524x13)(1810x299); 1.430,
/home/itec/philipp/nobackup/fn-new-videos/WhyShadyy/20191201_ZF3aJ6Xw_U61YTP6SeAhHQ_1575197867.mp4,33,08:00:31,08:00:37,-1,-1,-1,(1524x13)(1810x299); 1.430,
/home/itec/philipp/nobackup/fn-new-videos/Flopysock/20191130_5hchg8-B20SyvYkF2RHWPg_1575076848.mp4,5,01:07:55,01:22:20,0,100,0,(1526x11)(1812x297); 1.430,
/home/itec/philipp/nobackup/fn-new-videos/CleverNyx/20191205_1Mfc0pH7tUyW6tQ-bnp79A_1575576753.mp4,2,00:22:24,00:36:42,0,100,0,(1601x12)(1887x298); 1.490,
/home/itec/philipp/nobackup/fn-new-videos/StaySteezzy/20191203_LVGEo-cFCUadQHkAvIEpJA_1575346187.mp4,19,03:17:11,03:29:20,0,100,0,(1520x11)(1806x297); 0.950,
/home/itec/philipp/nobackup/fn-new-videos/CleverNyx/20191204_BK-6asxbjE6dU5n_2NG4DA_1575492719.mp4,1,00:05:17,00:18:02,0,100,0,(1603x12)(1889x298); 1.490,
/home/itec/philipp/nobackup/fn-new-videos/RedMenace/20191211_0pXPk3G4aESqYtDRZ92lIA_1576064505.mp4,10,03:09:33,03:31:26,-1,-1,-1,(1531x51)(1817x337); 1.513,
/home/itec/philipp/nobackup/fn-new-videos/Flopysock/20191130_5hchg8-B20SyvYkF2RHWPg_1575076848.mp4,6,01:26:05,01:35:38,0,100,0,(1526x11)(1812x297); 1.430,
/home/itec/philipp/nobackup/fn-new-videos/Flopysock/20191202_HWnwd-xPGUKBZ76s3C_7Rg_1575276443.mp4,1,01:56:51,02:18:09,1,1,-1,(1479x11)(1765x297); 1.437,
/home/itec/philipp/nobackup/fn-new-videos/Flopysock/20191130_5hchg8-B20SyvYkF2RHWPg_1575076848.mp4,7,01:36:20,01:38:46,-1,100,0,(1526x11)(1812x297); 1.430,
/home/itec/philipp/nobackup/fn-new-videos/CleverNyx/20191205_1Mfc0pH7tUyW6tQ-bnp79A_1575576753.mp4,3,00:38:42,00:50:15,0,100,0,(1601x12)(1887x298); 1.490,
/home/itec/philipp/nobackup/fn-new-videos/StaySteezzy/20191211_GpvJrlPPWEqjiudkTbKdWA_1576031482.mp4,17,03:15:22,03:28:32,0,100,0,(1520x11)(1806x297); 0.950,
/home/itec/philipp/nobackup/fn-new-videos/CleverNyx/20191205_OAAjwCoGV0uThCr14E_pXA_1575586482.mp4,1,00:08:05,00:12:20,-1,100,0,(1601x12)(1887x298); 1.490,
/home/itec/philipp/nobackup/fn-new-videos/CleverNyx/20191205_1Mfc0pH7tUyW6tQ-bnp79A_1575576753.mp4,4,00:51:51,00:55:13,0,100,0,(1601x12)(1887x298); 1.490,
/home/itec/philipp/nobackup/fn-new-videos/StaySteezzy/20191211_GpvJrlPPWEqjiudkTbKdWA_1576031482.mp4,18,03:30:57,03:34:12,0,100,0,(1520x11)(1806x297); 0.950,
/home/itec/philipp/nobackup/fn-new-videos/CleverNyx/20191208_96EaxsqT3kaciAmNS4pL9A_1575810412.mp4,1,00:11:53,00:15:52,0,100,0,(1601x12)(1887x298); 1.490,
/home/itec/philipp/nobackup/fn-new-videos/CleverNyx/20191205_OAAjwCoGV0uThCr14E_pXA_1575586482.mp4,2,00:12:20,00:16:09,0,100,0,(1601x12)(1887x298); 1.490,
/home/itec/philipp/nobackup/fn-new-videos/CleverNyx/20191208_96EaxsqT3kaciAmNS4pL9A_1575810412.mp4,2,00:17:36,00:22:43,0,100,0,(1601x12)(1887x298); 1.490,
/home/itec/philipp/nobackup/fn-new-videos/RedMenace/20191129_5NTeAXtTv0mCU0kB5TgjNg_1575029111.mp4,10,03:07:05,03:39:29,-1,100,0,(1531x51)(1817x337); 1.513,
/home/itec/philipp/nobackup/fn-new-videos/CleverNyx/20191208_96EaxsqT3kaciAmNS4pL9A_1575810412.mp4,3,00:24:40,00:27:42,0,100,0,(1601x12)(1887x298); 1.490,
/home/itec/philipp/nobackup/fn-new-videos/CleverNyx/20191205_OAAjwCoGV0uThCr14E_pXA_1575586482.mp4,3,00:19:41,00:28:17,0,100,0,(1601x12)(1887x298); 1.490,
/home/itec/philipp/nobackup/fn-new-videos/CleverNyx/20191208_96EaxsqT3kaciAmNS4pL9A_1575810412.mp4,4,00:29:27,00:33:39,0,100,0,(1601x12)(1887x298); 1.490,
/home/itec/philipp/nobackup/fn-new-videos/Flopysock/20191202_HWnwd-xPGUKBZ76s3C_7Rg_1575276443.mp4,2,02:20:11,02:37:28,1,1,-1,(1479x11)(1765x297); 1.437,
/home/itec/philipp/nobackup/fn-new-videos/CleverNyx/20191205_OAAjwCoGV0uThCr14E_pXA_1575586482.mp4,4,00:29:58,00:33:40,0,100,0,(1601x12)(1887x298); 1.490,
/home/itec/philipp/nobackup/fn-new-videos/CleverNyx/20191205_1Mfc0pH7tUyW6tQ-bnp79A_1575576753.mp4,5,00:56:55,01:12:33,-1,100,0,(1601x12)(1887x298); 1.490,
/home/itec/philipp/nobackup/fn-new-videos/Flopysock/20191130_5hchg8-B20SyvYkF2RHWPg_1575076848.mp4,8,01:38:46,02:02:30,-1,100,0,(1526x11)(1812x297); 1.430,
/home/itec/philipp/nobackup/fn-new-videos/StaySteezzy/20191203_LVGEo-cFCUadQHkAvIEpJA_1575346187.mp4,20,03:32:20,03:52:54,1,1,-1,(1520x11)(1806x297); 0.950,
/home/itec/philipp/nobackup/fn-new-videos/CleverNyx/20191205_1Mfc0pH7tUyW6tQ-bnp79A_1575576753.mp4,6,01:12:33,01:16:33,0,100,0,(1601x12)(1887x298); 1.490,
/home/itec/philipp/nobackup/fn-new-videos/RedMenace/20191129_5NTeAXtTv0mCU0kB5TgjNg_1575029111.mp4,11,03:39:29,03:50:45,0,100,0,(1531x51)(1817x337); 1.513,
/home/itec/philipp/nobackup/fn-new-videos/CleverNyx/20191205_1Mfc0pH7tUyW6tQ-bnp79A_1575576753.mp4,7,01:18:25,01:20:47,0,100,0,(1601x12)(1887x298); 1.490,
/home/itec/philipp/nobackup/fn-new-videos/CleverNyx/20191206_oFmFoQTY-Ua2eBquel_i5A_1575665848.mp4,1,00:05:41,00:21:33,1,1,-1,(1610x12)(1896x298); 1.497,
/home/itec/philipp/nobackup/fn-new-videos/StaySteezzy/20191211_GpvJrlPPWEqjiudkTbKdWA_1576031482.mp4,19,03:36:18,03:51:08,0,100,0,(1520x11)(1806x297); 0.950,
/home/itec/philipp/nobackup/fn-new-videos/CleverNyx/20191205_1Mfc0pH7tUyW6tQ-bnp79A_1575576753.mp4,8,01:24:24,01:29:50,0,100,0,(1601x12)(1887x298); 1.490,
/home/itec/philipp/nobackup/fn-new-videos/StaySteezzy/20191211_GpvJrlPPWEqjiudkTbKdWA_1576031482.mp4,20,03:54:31,03:58:16,0,100,0,(1520x11)(1806x297); 0.950,
/home/itec/philipp/nobackup/fn-new-videos/CleverNyx/20191208_96EaxsqT3kaciAmNS4pL9A_1575810412.mp4,5,00:35:13,00:52:45,0,100,0,(1601x12)(1887x298); 1.490,
/home/itec/philipp/nobackup/fn-new-videos/CleverNyx/20191206_oFmFoQTY-Ua2eBquel_i5A_1575665848.mp4,2,00:30:53,00:44:22,0,100,0,(1610x12)(1896x298); 1.497,
/home/itec/philipp/nobackup/fn-new-videos/StaySteezzy/20191211_GpvJrlPPWEqjiudkTbKdWA_1576031482.mp4,21,04:00:26,04:04:46,-1,100,0,(1520x11)(1806x297); 0.950,
/home/itec/philipp/nobackup/fn-new-videos/RedMenace/20191129_5NTeAXtTv0mCU0kB5TgjNg_1575029111.mp4,12,03:55:26,04:14:24,1,1,-1,(1531x51)(1817x337); 1.513,
/home/itec/philipp/nobackup/fn-new-videos/CleverNyx/20191211_U91lc3JboUefJ-nTGYroew_1576038731.mp4,1,00:06:52,00:18:32,0,100,0,(1544x12)(1830x298); 1.444,
/home/itec/philipp/nobackup/fn-new-videos/Flopysock/20191202_HWnwd-xPGUKBZ76s3C_7Rg_1575276443.mp4,3,02:40:47,02:56:14,0,100,0,(1479x11)(1765x297); 1.437,
/home/itec/philipp/nobackup/fn-new-videos/Flopysock/20191130_5hchg8-B20SyvYkF2RHWPg_1575076848.mp4,9,02:02:30,02:23:45,1,1,-1,(1526x11)(1812x297); 1.430,
/home/itec/philipp/nobackup/fn-new-videos/CleverNyx/20191205_OAAjwCoGV0uThCr14E_pXA_1575586482.mp4,5,00:35:23,00:55:12,0,100,0,(1601x12)(1887x298); 1.490,
/home/itec/philipp/nobackup/fn-new-videos/CleverNyx/20191211_U91lc3JboUefJ-nTGYroew_1576038731.mp4,2,00:23:24,00:27:32,0,100,0,(1544x12)(1830x298); 1.444,
/home/itec/philipp/nobackup/fn-new-videos/CleverNyx/20191206_oFmFoQTY-Ua2eBquel_i5A_1575665848.mp4,3,00:46:01,00:50:37,0,100,0,(1610x12)(1896x298); 1.497,
/home/itec/philipp/nobackup/fn-new-videos/CleverNyx/20191208_96EaxsqT3kaciAmNS4pL9A_1575810412.mp4,6,00:54:19,01:09:03,0,100,0,(1601x12)(1887x298); 1.490,
/home/itec/philipp/nobackup/fn-new-videos/Flopysock/20191130_5hchg8-B20SyvYkF2RHWPg_1575076848.mp4,10,02:25:50,02:30:57,0,100,0,(1526x11)(1812x297); 1.430,
/home/itec/philipp/nobackup/fn-new-videos/StaySteezzy/20191203_LVGEo-cFCUadQHkAvIEpJA_1575346187.mp4,21,03:58:16,04:14:14,0,100,0,(1520x11)(1806x297); 0.950,
/home/itec/philipp/nobackup/fn-new-videos/CleverNyx/20191208_96EaxsqT3kaciAmNS4pL9A_1575810412.mp4,7,01:10:43,01:12:54,0,100,0,(1601x12)(1887x298); 1.490,
/home/itec/philipp/nobackup/fn-new-videos/CleverNyx/20191211_U91lc3JboUefJ-nTGYroew_1576038731.mp4,3,00:29:25,00:34:20,0,100,0,(1544x12)(1830x298); 1.444,
/home/itec/philipp/nobackup/fn-new-videos/Flopysock/20191130_5hchg8-B20SyvYkF2RHWPg_1575076848.mp4,11,02:33:33,02:37:05,0,100,0,(1526x11)(1812x297); 1.430,
/home/itec/philipp/nobackup/fn-new-videos/RedMenace/20191129_5NTeAXtTv0mCU0kB5TgjNg_1575029111.mp4,13,04:16:36,04:29:44,0,100,0,(1531x51)(1817x337); 1.513,
/home/itec/philipp/nobackup/fn-new-videos/CleverNyx/20191211_U91lc3JboUefJ-nTGYroew_1576038731.mp4,4,00:38:01,00:43:45,0,100,0,(1544x12)(1830x298); 1.444,
/home/itec/philipp/nobackup/fn-new-videos/StaySteezzy/20191211_GpvJrlPPWEqjiudkTbKdWA_1576031482.mp4,22,04:04:46,04:17:47,0,100,0,(1520x11)(1806x297); 0.950,
/home/itec/philipp/nobackup/fn-new-videos/CleverNyx/20191205_OAAjwCoGV0uThCr14E_pXA_1575586482.mp4,6,01:02:39,01:09:38,0,100,0,(1601x12)(1887x298); 1.490,
/home/itec/philipp/nobackup/fn-new-videos/Flopysock/20191130_5hchg8-B20SyvYkF2RHWPg_1575076848.mp4,12,02:41:01,02:45:57,0,100,0,(1526x11)(1812x297); 1.430,
/home/itec/philipp/nobackup/fn-new-videos/CleverNyx/20191206_oFmFoQTY-Ua2eBquel_i5A_1575665848.mp4,4,00:52:13,01:04:33,0,100,0,(1610x12)(1896x298); 1.497,
/home/itec/philipp/nobackup/fn-new-videos/RedMenace/20191129_5NTeAXtTv0mCU0kB5TgjNg_1575029111.mp4,14,04:31:39,04:45:00,0,100,0,(1531x51)(1817x337); 1.513,
/home/itec/philipp/nobackup/fn-new-videos/RedMenace/20191207__kPAjoufmE6Ub2F7sZKYqA_1575723475.mp4,17,03:26:07,04:29:41,-1,100,0,(1531x50)(1817x336); 1.513,
/home/itec/philipp/nobackup/fn-new-videos/CleverNyx/20191208_96EaxsqT3kaciAmNS4pL9A_1575810412.mp4,8,01:14:33,01:28:29,0,100,0,(1601x12)(1887x298); 1.490,
/home/itec/philipp/nobackup/fn-new-videos/CleverNyx/20191206_oFmFoQTY-Ua2eBquel_i5A_1575665848.mp4,5,01:06:49,01:09:05,0,100,0,(1610x12)(1896x298); 1.497,
/home/itec/philipp/nobackup/fn-new-videos/CleverNyx/20191205_OAAjwCoGV0uThCr14E_pXA_1575586482.mp4,7,01:11:15,01:23:01,0,100,0,(1601x12)(1887x298); 1.490,
/home/itec/philipp/nobackup/fn-new-videos/Flopysock/20191202_HWnwd-xPGUKBZ76s3C_7Rg_1575276443.mp4,4,02:57:50,03:13:40,1,1,-1,(1479x11)(1765x297); 1.437,
/home/itec/philipp/nobackup/fn-new-videos/CleverNyx/20191208_96EaxsqT3kaciAmNS4pL9A_1575810412.mp4,9,01:30:11,01:32:28,0,100,0,(1601x12)(1887x298); 1.490,
/home/itec/philipp/nobackup/fn-new-videos/CleverNyx/20191206_oFmFoQTY-Ua2eBquel_i5A_1575665848.mp4,6,01:11:04,01:12:35,0,100,0,(1610x12)(1896x298); 1.497,
/home/itec/philipp/nobackup/fn-new-videos/CleverNyx/20191211_U91lc3JboUefJ-nTGYroew_1576038731.mp4,5,00:45:33,01:00:33,0,100,0,(1544x12)(1830x298); 1.444,
/home/itec/philipp/nobackup/fn-new-videos/Flopysock/20191130_5hchg8-B20SyvYkF2RHWPg_1575076848.mp4,13,02:52:59,03:05:15,0,100,0,(1526x11)(1812x297); 1.430,
/home/itec/philipp/nobackup/fn-new-videos/CleverNyx/20191211_U91lc3JboUefJ-nTGYroew_1576038731.mp4,6,01:02:26,01:06:04,0,100,0,(1544x12)(1830x298); 1.444,
/home/itec/philipp/nobackup/fn-new-videos/CleverNyx/20191206_oFmFoQTY-Ua2eBquel_i5A_1575665848.mp4,7,01:14:15,01:18:20,0,100,0,(1610x12)(1896x298); 1.497,
/home/itec/philipp/nobackup/fn-new-videos/Flopysock/20191130_5hchg8-B20SyvYkF2RHWPg_1575076848.mp4,14,03:11:32,03:14:01,0,100,0,(1526x11)(1812x297); 1.430,
/home/itec/philipp/nobackup/fn-new-videos/StaySteezzy/20191203_LVGEo-cFCUadQHkAvIEpJA_1575346187.mp4,22,04:16:27,04:34:27,0,100,0,(1520x11)(1806x297); 0.950,
/home/itec/philipp/nobackup/fn-new-videos/CleverNyx/20191211_U91lc3JboUefJ-nTGYroew_1576038731.mp4,7,01:07:37,01:16:08,0,100,0,(1544x12)(1830x298); 1.444,
/home/itec/philipp/nobackup/fn-new-videos/RedMenace/20191207__kPAjoufmE6Ub2F7sZKYqA_1575723475.mp4,18,04:29:41,04:38:56,-1,100,0,(1531x50)(1817x336); 1.513,
/home/itec/philipp/nobackup/fn-new-videos/CleverNyx/20191208_96EaxsqT3kaciAmNS4pL9A_1575810412.mp4,10,01:34:20,01:50:56,-1,100,0,(1601x12)(1887x298); 1.490,
/home/itec/philipp/nobackup/fn-new-videos/CleverNyx/20191208_96EaxsqT3kaciAmNS4pL9A_1575810412.mp4,11,01:50:56,01:52:48,0,100,0,(1601x12)(1887x298); 1.490,
/home/itec/philipp/nobackup/fn-new-videos/CleverNyx/20191211_U91lc3JboUefJ-nTGYroew_1576038731.mp4,8,01:17:42,01:26:21,0,100,0,(1544x12)(1830x298); 1.444,
/home/itec/philipp/nobackup/fn-new-videos/Flopysock/20191202_HWnwd-xPGUKBZ76s3C_7Rg_1575276443.mp4,5,03:33:29,03:45:55,0,100,0,(1479x11)(1765x297); 1.437,
/home/itec/philipp/nobackup/fn-new-videos/Frvstz/20191209_EH0IE3f7PUi-eQaeu23u4w_1575888317.mp4,1,00:20:15,00:35:17,-1,100,0,(1639x52)(1925x338); 1.067,
/home/itec/philipp/nobackup/fn-new-videos/Flopysock/20191202_HWnwd-xPGUKBZ76s3C_7Rg_1575276443.mp4,6,03:47:35,03:49:43,0,100,0,(1479x11)(1765x297); 1.437,
/home/itec/philipp/nobackup/fn-new-videos/CleverNyx/20191208_96EaxsqT3kaciAmNS4pL9A_1575810412.mp4,12,01:55:00,02:02:09,0,100,0,(1601x12)(1887x298); 1.490,
/home/itec/philipp/nobackup/fn-new-videos/CleverNyx/20191208_96EaxsqT3kaciAmNS4pL9A_1575810412.mp4,13,02:03:56,02:06:07,0,100,0,(1601x12)(1887x298); 1.490,
/home/itec/philipp/nobackup/fn-new-videos/Frvstz/20191209_EH0IE3f7PUi-eQaeu23u4w_1575888317.mp4,2,00:35:17,00:38:17,-1,100,0,(1639x52)(1925x338); 1.067,
/home/itec/philipp/nobackup/fn-new-videos/CleverNyx/20191208_96EaxsqT3kaciAmNS4pL9A_1575810412.mp4,14,02:08:11,02:10:03,0,100,0,(1601x12)(1887x298); 1.490,
/home/itec/philipp/nobackup/fn-new-videos/CleverNyx/20191206_oFmFoQTY-Ua2eBquel_i5A_1575665848.mp4,8,01:20:24,01:38:56,0,100,0,(1610x12)(1896x298); 1.497,
/home/itec/philipp/nobackup/fn-new-videos/Frvstz/20191209_EH0IE3f7PUi-eQaeu23u4w_1575888317.mp4,3,00:38:17,00:43:24,0,100,0,(1639x52)(1925x338); 1.067,
/home/itec/philipp/nobackup/fn-new-videos/CleverNyx/20191206_oFmFoQTY-Ua2eBquel_i5A_1575665848.mp4,9,01:40:57,01:51:09,0,100,0,(1610x12)(1896x298); 1.497,
/home/itec/philipp/nobackup/fn-new-videos/CleverNyx/20191208_96EaxsqT3kaciAmNS4pL9A_1575810412.mp4,15,02:11:54,02:29:58,0,100,0,(1601x12)(1887x298); 1.490,
/home/itec/philipp/nobackup/fn-new-videos/Flopysock/20191202_HWnwd-xPGUKBZ76s3C_7Rg_1575276443.mp4,7,03:51:39,04:09:27,1,1,-1,(1479x11)(1765x297); 1.437,
/home/itec/philipp/nobackup/fn-new-videos/CleverNyx/20191208_96EaxsqT3kaciAmNS4pL9A_1575810412.mp4,16,02:32:08,02:37:45,0,100,0,(1601x12)(1887x298); 1.490,
/home/itec/philipp/nobackup/fn-new-videos/CleverNyx/20191208_96EaxsqT3kaciAmNS4pL9A_1575810412.mp4,17,02:39:40,02:40:53,0,100,0,(1601x12)(1887x298); 1.490,
/home/itec/philipp/nobackup/fn-new-videos/StaySteezzy/20191203_LVGEo-cFCUadQHkAvIEpJA_1575346187.mp4,23,05:56:38,06:04:13,0,100,0,(1520x11)(1806x297); 0.950,
/home/itec/philipp/nobackup/fn-new-videos/Flopysock/20191202_HWnwd-xPGUKBZ76s3C_7Rg_1575276443.mp4,8,04:13:47,04:16:52,0,100,0,(1479x11)(1765x297); 1.437,
/home/itec/philipp/nobackup/fn-new-videos/Frvstz/20191210_-z9lOscIJ0GJKpZGoBRgkw_1575959631.mp4,1,00:04:14,00:55:47,-1,100,0,(1651x55)(1937x341); 1.075,
/home/itec/philipp/nobackup/fn-new-videos/CleverNyx/20191208_96EaxsqT3kaciAmNS4pL9A_1575810412.mp4,18,02:43:13,02:48:15,0,100,0,(1601x12)(1887x298); 1.490,
/home/itec/philipp/nobackup/fn-new-videos/CleverNyx/20191206_oFmFoQTY-Ua2eBquel_i5A_1575665848.mp4,10,01:52:43,02:10:19,0,100,0,(1610x12)(1896x298); 1.497,
/home/itec/philipp/nobackup/fn-new-videos/CleverNyx/20191208_96EaxsqT3kaciAmNS4pL9A_1575810412.mp4,19,02:50:03,02:58:13,0,100,0,(1601x12)(1887x298); 1.490,
/home/itec/philipp/nobackup/fn-new-videos/Flopysock/20191202_HWnwd-xPGUKBZ76s3C_7Rg_1575276443.mp4,9,04:22:21,04:32:35,0,100,0,(1479x11)(1765x297); 1.437,
/home/itec/philipp/nobackup/fn-new-videos/RedMenace/20191207__kPAjoufmE6Ub2F7sZKYqA_1575723475.mp4,19,04:38:56,05:12:12,-1,100,0,(1531x50)(1817x336); 1.513,
/home/itec/philipp/nobackup/fn-new-videos/CleverNyx/20191206_oFmFoQTY-Ua2eBquel_i5A_1575665848.mp4,11,02:11:56,02:24:25,0,100,0,(1610x12)(1896x298); 1.497,
/home/itec/philipp/nobackup/fn-new-videos/StaySteezzy/20191203_LVGEo-cFCUadQHkAvIEpJA_1575346187.mp4,24,06:06:19,06:21:02,0,100,0,(1520x11)(1806x297); 0.950,
/home/itec/philipp/nobackup/fn-new-videos/Flopysock/20191202_HWnwd-xPGUKBZ76s3C_7Rg_1575276443.mp4,10,04:34:10,04:40:20,0,100,0,(1479x11)(1765x297); 1.437,
/home/itec/philipp/nobackup/fn-new-videos/Frvstz/20191210_-z9lOscIJ0GJKpZGoBRgkw_1575959631.mp4,2,00:55:47,01:12:06,-1,100,0,(1651x55)(1937x341); 1.075,
/home/itec/philipp/nobackup/fn-new-videos/Flopysock/20191202_HWnwd-xPGUKBZ76s3C_7Rg_1575276443.mp4,11,04:42:20,04:43:51,0,100,0,(1479x11)(1765x297); 1.437,
/home/itec/philipp/nobackup/fn-new-videos/CleverNyx/20191208_96EaxsqT3kaciAmNS4pL9A_1575810412.mp4,20,03:00:11,03:12:02,0,100,0,(1601x12)(1887x298); 1.490,
/home/itec/philipp/nobackup/fn-new-videos/SmileyShyGirl89/20191130_AtHDoADYXEK3kbb2h4cYQA_1575147519.mp4,1,00:04:19,00:11:19,0,100,0,(1522x50)(1808x336); 1.004,
/home/itec/philipp/nobackup/fn-new-videos/StaySteezzy/20191203_LVGEo-cFCUadQHkAvIEpJA_1575346187.mp4,25,06:23:32,06:35:40,0,100,0,(1520x11)(1806x297); 0.950,
/home/itec/philipp/nobackup/fn-new-videos/StaySteezzy/20191203_LVGEo-cFCUadQHkAvIEpJA_1575346187.mp4,26,06:37:21,06:39:01,0,100,0,(1520x11)(1806x297); 0.950,
/home/itec/philipp/nobackup/fn-new-videos/Flopysock/20191202_HWnwd-xPGUKBZ76s3C_7Rg_1575276443.mp4,12,04:46:01,04:56:11,0,100,0,(1479x11)(1765x297); 1.437,
/home/itec/philipp/nobackup/fn-new-videos/StaySteezzy/20191203_LVGEo-cFCUadQHkAvIEpJA_1575346187.mp4,27,06:41:04,06:43:05,0,100,0,(1520x11)(1806x297); 0.950,
/home/itec/philipp/nobackup/fn-new-videos/StaySteezzy/20191203_LVGEo-cFCUadQHkAvIEpJA_1575346187.mp4,28,06:44:43,06:48:41,0,100,0,(1520x11)(1806x297); 0.950,
/home/itec/philipp/nobackup/fn-new-videos/SmileyShyGirl89/20191130_AtHDoADYXEK3kbb2h4cYQA_1575147519.mp4,2,00:13:22,00:31:28,0,100,0,(1522x50)(1808x336); 1.004,
/home/itec/philipp/nobackup/fn-new-videos/Frvstz/20191209_EH0IE3f7PUi-eQaeu23u4w_1575888317.mp4,4,00:46:22,01:31:50,-1,100,0,(1639x52)(1925x338); 1.067,
/home/itec/philipp/nobackup/fn-new-videos/StaySteezzy/20191203_LVGEo-cFCUadQHkAvIEpJA_1575346187.mp4,29,06:50:37,06:52:14,0,100,0,(1520x11)(1806x297); 0.950,
/home/itec/philipp/nobackup/fn-new-videos/CleverNyx/20191208_96EaxsqT3kaciAmNS4pL9A_1575810412.mp4,21,03:14:34,03:32:06,0,100,0,(1601x12)(1887x298); 1.490,
/home/itec/philipp/nobackup/fn-new-videos/SmileyShyGirl89/20191130_9Dt0tBy7gEiafVdU6CaYXw_1575092537.mp4,1,00:04:08,00:05:18,0,100,0,(1522x50)(1808x336); 1.004,
/home/itec/philipp/nobackup/fn-new-videos/StaySteezzy/20191203_LVGEo-cFCUadQHkAvIEpJA_1575346187.mp4,30,06:56:31,06:58:47,0,100,0,(1520x11)(1806x297); 0.950,
/home/itec/philipp/nobackup/fn-new-videos/StaySteezzy/20191203_LVGEo-cFCUadQHkAvIEpJA_1575346187.mp4,31,07:00:25,07:02:50,0,100,0,(1520x11)(1806x297); 0.950,
/home/itec/philipp/nobackup/fn-new-videos/SmileyShyGirl89/20191130_9Dt0tBy7gEiafVdU6CaYXw_1575092537.mp4,2,00:15:36,00:18:25,0,100,0,(1522x50)(1808x336); 1.004,
/home/itec/philipp/nobackup/fn-new-videos/RedMenace/20191207__kPAjoufmE6Ub2F7sZKYqA_1575723475.mp4,20,05:12:12,05:41:12,-1,100,0,(1531x50)(1817x336); 1.513,
/home/itec/philipp/nobackup/fn-new-videos/Dobeyy/20191208_JaxUCPNTgUunL5ditZJSSw_1575798414.mp4,1,00:36:55,00:39:48,0,100,0,(1502x11)(1788x297); 1.402,
/home/itec/philipp/nobackup/fn-new-videos/SmileyShyGirl89/20191130_9Dt0tBy7gEiafVdU6CaYXw_1575092537.mp4,3,00:20:01,00:29:38,0,100,0,(1522x50)(1808x336); 1.004,
/home/itec/philipp/nobackup/fn-new-videos/Frvstz/20191210_-z9lOscIJ0GJKpZGoBRgkw_1575959631.mp4,3,01:12:06,01:48:55,-1,100,0,(1651x55)(1937x341); 1.075,
/home/itec/philipp/nobackup/fn-new-videos/SmileyShyGirl89/20191211_TfKjO1fP3UK8SR9vC-ixHw_1576031934.mp4,1,00:11:10,00:30:53,-1,100,0,(1461x37)(1747x323); 0.963,
/home/itec/philipp/nobackup/fn-new-videos/RedMenace/20191207__kPAjoufmE6Ub2F7sZKYqA_1575723475.mp4,21,05:41:12,05:51:47,-1,100,0,(1531x50)(1817x336); 1.513,
/home/itec/philipp/nobackup/fn-new-videos/Dobeyy/20191208_JaxUCPNTgUunL5ditZJSSw_1575798414.mp4,2,00:41:42,00:55:07,0,100,0,(1502x11)(1788x297); 1.402,
/home/itec/philipp/nobackup/fn-new-videos/StaySteezzy/20191203_LVGEo-cFCUadQHkAvIEpJA_1575346187.mp4,32,07:04:56,07:26:08,0,100,0,(1520x11)(1806x297); 0.950,
/home/itec/philipp/nobackup/fn-new-videos/SmileyShyGirl89/20191130_9Dt0tBy7gEiafVdU6CaYXw_1575092537.mp4,4,00:36:17,00:49:34,0,100,0,(1522x50)(1808x336); 1.004,
/home/itec/philipp/nobackup/fn-new-videos/SmileyShyGirl89/20191211_TfKjO1fP3UK8SR9vC-ixHw_1576031934.mp4,2,00:30:53,00:43:11,-1,100,0,(1461x37)(1747x323); 0.963,
/home/itec/philipp/nobackup/fn-new-videos/RedMenace/20191207__kPAjoufmE6Ub2F7sZKYqA_1575723475.mp4,22,05:51:47,06:08:48,0,100,0,(1531x50)(1817x336); 1.513,
/home/itec/philipp/nobackup/fn-new-videos/Dobeyy/20191208_JaxUCPNTgUunL5ditZJSSw_1575798414.mp4,3,00:57:00,01:13:46,1,1,-1,(1502x11)(1788x297); 1.402,
/home/itec/philipp/nobackup/fn-new-videos/Dobeyy/20191208_JaxUCPNTgUunL5ditZJSSw_1575798414.mp4,4,01:15:55,01:20:48,0,100,0,(1502x11)(1788x297); 1.402,
/home/itec/philipp/nobackup/fn-new-videos/RedMenace/20191207__kPAjoufmE6Ub2F7sZKYqA_1575723475.mp4,23,06:10:52,06:22:53,0,100,0,(1531x50)(1817x336); 1.513,
/home/itec/philipp/nobackup/fn-new-videos/SmileyShyGirl89/20191211_TfKjO1fP3UK8SR9vC-ixHw_1576031934.mp4,4,00:46:38,01:00:51,-1,100,0,(1461x37)(1747x323); 0.963,
/home/itec/philipp/nobackup/fn-new-videos/Dobeyy/20191208_JaxUCPNTgUunL5ditZJSSw_1575798414.mp4,5,01:23:24,01:30:58,0,100,0,(1502x11)(1788x297); 1.402,
/home/itec/philipp/nobackup/fn-new-videos/RedMenace/20191207__kPAjoufmE6Ub2F7sZKYqA_1575723475.mp4,24,06:24:59,06:32:35,0,100,0,(1531x50)(1817x336); 1.513,
/home/itec/philipp/nobackup/fn-new-videos/Frvstz/20191210_-z9lOscIJ0GJKpZGoBRgkw_1575959631.mp4,4,01:48:55,02:11:58,-1,-1,-1,(1651x55)(1937x341); 1.075,
/home/itec/philipp/nobackup/fn-new-videos/Dobeyy/20191206_oSWbDRrlGkWHUy03GsJJ0w_1575616115.mp4,1,00:04:58,00:25:01,1,1,-1,(1526x51)(1812x337); 1.505,
/home/itec/philipp/nobackup/fn-new-videos/RedMenace/20191207__kPAjoufmE6Ub2F7sZKYqA_1575723475.mp4,25,06:35:29,06:46:32,0,100,0,(1531x50)(1817x336); 1.513,
/home/itec/philipp/nobackup/fn-new-videos/Dobeyy/20191208_JaxUCPNTgUunL5ditZJSSw_1575798414.mp4,6,01:33:11,01:51:08,1,1,-1,(1502x11)(1788x297); 1.402,
/home/itec/philipp/nobackup/fn-new-videos/Dobeyy/20191211_CnkpA2zNi0yi4vFD2abywQ_1576049150.mp4,1,00:19:31,00:41:06,0,100,0,(1527x11)(1813x297); 1.430,
/home/itec/philipp/nobackup/fn-new-videos/Dobeyy/20191208_JaxUCPNTgUunL5ditZJSSw_1575798414.mp4,7,02:12:02,02:15:33,0,100,0,(1502x11)(1788x297); 1.402,
/home/itec/philipp/nobackup/fn-new-videos/Dobeyy/20191130_p4rb2sbJ2kuiVEK-8_8gXA_1575103497.mp4,1,00:13:14,00:29:23,1,1,-1,(1525x51)(1811x337); 1.505,
/home/itec/philipp/nobackup/fn-new-videos/Dobeyy/20191206_oSWbDRrlGkWHUy03GsJJ0w_1575616115.mp4,2,00:38:01,00:49:14,0,100,0,(1526x51)(1812x337); 1.505,
/home/itec/philipp/nobackup/fn-new-videos/Dobeyy/20191204__ncpS9dwm0yDBxfq3_-w0w_1575445502.mp4,1,00:36:11,00:49:48,0,100,0,(1507x51)(1793x337); 1.490,
/home/itec/philipp/nobackup/fn-new-videos/SmileyShyGirl89/20191211_TfKjO1fP3UK8SR9vC-ixHw_1576031934.mp4,5,01:00:51,01:23:31,-1,100,0,(1461x37)(1747x323); 0.963,
/home/itec/philipp/nobackup/fn-new-videos/Dobeyy/20191130_p4rb2sbJ2kuiVEK-8_8gXA_1575103497.mp4,2,00:35:45,00:38:51,0,100,0,(1525x51)(1811x337); 1.505,
/home/itec/philipp/nobackup/fn-new-videos/Dobeyy/20191211_CnkpA2zNi0yi4vFD2abywQ_1576049150.mp4,2,00:43:51,00:50:14,-1,100,0,(1527x11)(1813x297); 1.430,
/home/itec/philipp/nobackup/fn-new-videos/Dobeyy/20191206_oSWbDRrlGkWHUy03GsJJ0w_1575616115.mp4,3,00:55:05,01:05:06,0,100,0,(1526x51)(1812x337); 1.505,
/home/itec/philipp/nobackup/fn-new-videos/Dobeyy/20191201_qJwoo7eGt0SierGANcRpig_1575160131.mp4,1,00:10:00,00:25:13,-1,100,0,(1509x51)(1795x337); 1.490,
/home/itec/philipp/nobackup/fn-new-videos/Flopysock/20191202_HWnwd-xPGUKBZ76s3C_7Rg_1575276443.mp4,13,05:00:21,06:11:38,-1,100,0,(1479x11)(1765x297); 1.437,
/home/itec/philipp/nobackup/fn-new-videos/SmileyShyGirl89/20191211_TfKjO1fP3UK8SR9vC-ixHw_1576031934.mp4,6,01:23:31,01:30:48,-1,-1,-1,(1461x37)(1747x323); 0.963,
/home/itec/philipp/nobackup/fn-new-videos/Dobeyy/20191201_qJwoo7eGt0SierGANcRpig_1575160131.mp4,2,00:25:13,00:28:10,-1,-1,-1,(1509x51)(1795x337); 1.490,
/home/itec/philipp/nobackup/fn-new-videos/Dobeyy/20191211_CnkpA2zNi0yi4vFD2abywQ_1576049150.mp4,3,00:50:14,00:58:06,0,100,0,(1527x11)(1813x297); 1.430,
/home/itec/philipp/nobackup/fn-new-videos/Dobeyy/20191206_oSWbDRrlGkWHUy03GsJJ0w_1575616115.mp4,4,01:15:42,01:20:13,0,100,0,(1526x51)(1812x337); 1.505,
/home/itec/philipp/nobackup/fn-new-videos/Flopysock/20191202_HWnwd-xPGUKBZ76s3C_7Rg_1575276443.mp4,14,06:11:38,06:14:19,-1,100,0,(1479x11)(1765x297); 1.437,
/home/itec/philipp/nobackup/fn-new-videos/Dobeyy/20191208_JaxUCPNTgUunL5ditZJSSw_1575798414.mp4,8,02:17:20,02:35:07,0,100,0,(1502x11)(1788x297); 1.402,
/home/itec/philipp/nobackup/fn-new-videos/Dobeyy/20191206_oSWbDRrlGkWHUy03GsJJ0w_1575616115.mp4,5,01:23:00,01:25:18,0,100,0,(1526x51)(1812x337); 1.505,
/home/itec/philipp/nobackup/fn-new-videos/Flopysock/20191202_HWnwd-xPGUKBZ76s3C_7Rg_1575276443.mp4,15,06:14:19,06:18:12,0,100,0,(1479x11)(1765x297); 1.437,
/home/itec/philipp/nobackup/fn-new-videos/Dobeyy/20191206_oSWbDRrlGkWHUy03GsJJ0w_1575616115.mp4,6,01:28:01,01:31:28,0,100,0,(1526x51)(1812x337); 1.505,
/home/itec/philipp/nobackup/fn-new-videos/Dobeyy/20191130_p4rb2sbJ2kuiVEK-8_8gXA_1575103497.mp4,3,00:45:49,01:04:54,1,1,-1,(1525x51)(1811x337); 1.505,
/home/itec/philipp/nobackup/fn-new-videos/Dobeyy/20191206_oSWbDRrlGkWHUy03GsJJ0w_1575616115.mp4,7,01:34:08,01:37:00,0,100,0,(1526x51)(1812x337); 1.505,
/home/itec/philipp/nobackup/fn-new-videos/Flopysock/20191202_HWnwd-xPGUKBZ76s3C_7Rg_1575276443.mp4,16,06:20:43,06:22:46,0,100,0,(1479x11)(1765x297); 1.437,
/home/itec/philipp/nobackup/fn-new-videos/Dobeyy/20191201_QwZHyJpoEUe2wbxQtephuQ_1575173844.mp4,1,00:07:05,00:20:14,0,100,0,(1523x51)(1809x337); 1.505,
/home/itec/philipp/nobackup/fn-new-videos/Frvstz/20191129_8LVTmFZBtk-JH8TO6kk84w_1575059341.mp4,1,00:27:49,02:45:48,-1,100,0,(1644x54)(1930x340); 1.071,
/home/itec/philipp/nobackup/fn-new-videos/Dobeyy/20191208_JaxUCPNTgUunL5ditZJSSw_1575798414.mp4,9,02:37:44,02:52:59,0,100,0,(1502x11)(1788x297); 1.402,
/home/itec/philipp/nobackup/fn-new-videos/Dobeyy/20191204__ncpS9dwm0yDBxfq3_-w0w_1575445502.mp4,2,00:53:07,01:16:53,1,1,-1,(1507x51)(1793x337); 1.490,
/home/itec/philipp/nobackup/fn-new-videos/Dobeyy/20191204__ncpS9dwm0yDBxfq3_-w0w_1575445502.mp4,3,01:24:07,01:28:12,0,100,0,(1507x51)(1793x337); 1.490,
/home/itec/philipp/nobackup/fn-new-videos/Flopysock/20191202_HWnwd-xPGUKBZ76s3C_7Rg_1575276443.mp4,17,06:24:47,06:32:49,0,100,0,(1479x11)(1765x297); 1.437,
/home/itec/philipp/nobackup/fn-new-videos/Dobeyy/20191203_xSZHgv8LvEuzusiTgbUpxA_1575333209.mp4,1,00:04:31,00:08:31,0,100,0,(1526x11)(1812x297); 1.430,
/home/itec/philipp/nobackup/fn-new-videos/Dobeyy/20191208_afW-2C1gTE2xl092bsxJMA_1575781587.mp4,1,00:22:41,00:39:33,0,100,0,(1611x33)(1897x319); 1.497,
/home/itec/philipp/nobackup/fn-new-videos/Dobeyy/20191211_CnkpA2zNi0yi4vFD2abywQ_1576049150.mp4,4,01:00:04,01:20:18,0,100,0,(1527x11)(1813x297); 1.430,
/home/itec/philipp/nobackup/fn-new-videos/Dobeyy/20191130_p4rb2sbJ2kuiVEK-8_8gXA_1575103497.mp4,4,01:07:43,01:25:38,0,100,0,(1525x51)(1811x337); 1.505,
/home/itec/philipp/nobackup/fn-new-videos/Flopysock/20191202_HWnwd-xPGUKBZ76s3C_7Rg_1575276443.mp4,18,06:34:20,06:37:17,0,100,0,(1479x11)(1765x297); 1.437,
/home/itec/philipp/nobackup/fn-new-videos/Dobeyy/20191204__ncpS9dwm0yDBxfq3_-w0w_1575445502.mp4,4,01:31:53,01:44:50,0,100,0,(1507x51)(1793x337); 1.490,
/home/itec/philipp/nobackup/fn-new-videos/Dobeyy/20191206_oSWbDRrlGkWHUy03GsJJ0w_1575616115.mp4,8,01:40:17,01:58:58,-1,100,0,(1526x51)(1812x337); 1.505,
/home/itec/philipp/nobackup/fn-new-videos/Flopysock/20191202_HWnwd-xPGUKBZ76s3C_7Rg_1575276443.mp4,19,06:39:16,06:41:31,0,100,0,(1479x11)(1765x297); 1.437,
/home/itec/philipp/nobackup/fn-new-videos/Dobeyy/20191206_oSWbDRrlGkWHUy03GsJJ0w_1575616115.mp4,9,01:58:58,02:00:17,0,100,0,(1526x51)(1812x337); 1.505,
/home/itec/philipp/nobackup/fn-new-videos/Dobeyy/20191205_47w92chcOkSwhlWtvmQeaA_1575540054.mp4,1,00:23:11,00:26:20,0,100,0,(1495x50)(1781x336); 1.474,
/home/itec/philipp/nobackup/fn-new-videos/Dobeyy/20191208_JaxUCPNTgUunL5ditZJSSw_1575798414.mp4,10,02:54:50,03:15:33,1,1,-1,(1502x11)(1788x297); 1.402,
/home/itec/philipp/nobackup/fn-new-videos/Flopysock/20191202_HWnwd-xPGUKBZ76s3C_7Rg_1575276443.mp4,20,06:43:27,06:45:55,0,100,0,(1479x11)(1765x297); 1.437,
/home/itec/philipp/nobackup/fn-new-videos/Dobeyy/20191205_47w92chcOkSwhlWtvmQeaA_1575540054.mp4,2,00:28:24,00:32:45,0,100,0,(1495x50)(1781x336); 1.474,
/home/itec/philipp/nobackup/fn-new-videos/Dobeyy/20191201_QwZHyJpoEUe2wbxQtephuQ_1575173844.mp4,2,00:25:37,00:46:09,0,100,0,(1523x51)(1809x337); 1.505,
/home/itec/philipp/nobackup/fn-new-videos/Dobeyy/20191208_afW-2C1gTE2xl092bsxJMA_1575781587.mp4,2,00:42:47,00:52:37,0,100,0,(1611x33)(1897x319); 1.497,
/home/itec/philipp/nobackup/fn-new-videos/Flopysock/20191202_HWnwd-xPGUKBZ76s3C_7Rg_1575276443.mp4,21,06:47:53,06:50:47,0,100,0,(1479x11)(1765x297); 1.437,
/home/itec/philipp/nobackup/fn-new-videos/Dobeyy/20191130_p4rb2sbJ2kuiVEK-8_8gXA_1575103497.mp4,5,01:31:07,01:43:49,0,100,0,(1525x51)(1811x337); 1.505,
/home/itec/philipp/nobackup/fn-new-videos/Flopysock/20191202_HWnwd-xPGUKBZ76s3C_7Rg_1575276443.mp4,22,06:52:43,06:55:03,0,100,0,(1479x11)(1765x297); 1.437,
/home/itec/philipp/nobackup/fn-new-videos/Dobeyy/20191204__ncpS9dwm0yDBxfq3_-w0w_1575445502.mp4,5,01:46:59,02:04:27,1,1,-1,(1507x51)(1793x337); 1.490,
/home/itec/philipp/nobackup/fn-new-videos/Dobeyy/20191201_QwZHyJpoEUe2wbxQtephuQ_1575173844.mp4,3,00:54:29,01:03:05,0,100,0,(1523x51)(1809x337); 1.505,
/home/itec/philipp/nobackup/fn-new-videos/Dobeyy/20191205_47w92chcOkSwhlWtvmQeaA_1575540054.mp4,3,00:37:46,00:50:06,0,100,0,(1495x50)(1781x336); 1.474,
/home/itec/philipp/nobackup/fn-new-videos/Dobeyy/20191205_47w92chcOkSwhlWtvmQeaA_1575540054.mp4,4,00:51:54,00:54:58,0,100,0,(1495x50)(1781x336); 1.474,
/home/itec/philipp/nobackup/fn-new-videos/Dobeyy/20191208_JaxUCPNTgUunL5ditZJSSw_1575798414.mp4,11,03:17:27,03:36:49,0,100,0,(1502x11)(1788x297); 1.402,
/home/itec/philipp/nobackup/fn-new-videos/Dobeyy/20191205_47w92chcOkSwhlWtvmQeaA_1575540054.mp4,5,00:57:01,00:59:28,0,100,0,(1495x50)(1781x336); 1.474,
/home/itec/philipp/nobackup/fn-new-videos/Dobeyy/20191130_p4rb2sbJ2kuiVEK-8_8gXA_1575103497.mp4,6,01:46:19,02:00:10,0,100,0,(1525x51)(1811x337); 1.505,
/home/itec/philipp/nobackup/fn-new-videos/Dobeyy/20191211_CnkpA2zNi0yi4vFD2abywQ_1576049150.mp4,5,01:23:54,01:48:01,-1,100,0,(1527x11)(1813x297); 1.430,
/home/itec/philipp/nobackup/fn-new-videos/Frvstz/20191209_EH0IE3f7PUi-eQaeu23u4w_1575888317.mp4,5,01:31:50,03:09:45,-1,100,0,(1639x52)(1925x338); 1.067,
/home/itec/philipp/nobackup/fn-new-videos/Dobeyy/20191206_oSWbDRrlGkWHUy03GsJJ0w_1575616115.mp4,10,02:01:59,02:22:03,0,100,0,(1526x51)(1812x337); 1.505,
/home/itec/philipp/nobackup/fn-new-videos/Dobeyy/20191205_47w92chcOkSwhlWtvmQeaA_1575540054.mp4,6,01:03:07,01:11:12,0,100,0,(1495x50)(1781x336); 1.474,
/home/itec/philipp/nobackup/fn-new-videos/Flopysock/20191202_HWnwd-xPGUKBZ76s3C_7Rg_1575276443.mp4,23,06:57:06,07:06:32,0,100,0,(1479x11)(1765x297); 1.437,
/home/itec/philipp/nobackup/fn-new-videos/Dobeyy/20191130_p4rb2sbJ2kuiVEK-8_8gXA_1575103497.mp4,7,02:01:50,02:11:44,0,100,0,(1525x51)(1811x337); 1.505,
/home/itec/philipp/nobackup/fn-new-videos/Dobeyy/20191206_oSWbDRrlGkWHUy03GsJJ0w_1575616115.mp4,11,02:23:53,02:28:53,-1,100,0,(1526x51)(1812x337); 1.505,
/home/itec/philipp/nobackup/fn-new-videos/Dobeyy/20191204__ncpS9dwm0yDBxfq3_-w0w_1575445502.mp4,6,02:11:28,02:30:50,1,1,-1,(1507x51)(1793x337); 1.490,
/home/itec/philipp/nobackup/fn-new-videos/Dobeyy/20191130_p4rb2sbJ2kuiVEK-8_8gXA_1575103497.mp4,8,02:17:02,02:20:15,0,100,0,(1525x51)(1811x337); 1.505,
/home/itec/philipp/nobackup/fn-new-videos/Dobeyy/20191211_CnkpA2zNi0yi4vFD2abywQ_1576049150.mp4,6,01:48:01,01:58:36,0,100,0,(1527x11)(1813x297); 1.430,
/home/itec/philipp/nobackup/fn-new-videos/Dobeyy/20191206_oSWbDRrlGkWHUy03GsJJ0w_1575616115.mp4,12,02:28:53,02:31:53,0,100,0,(1526x51)(1812x337); 1.505,
/home/itec/philipp/nobackup/fn-new-videos/Dobeyy/20191130_p4rb2sbJ2kuiVEK-8_8gXA_1575103497.mp4,9,02:23:50,02:25:58,0,100,0,(1525x51)(1811x337); 1.505,
/home/itec/philipp/nobackup/fn-new-videos/Flopysock/20191202_HWnwd-xPGUKBZ76s3C_7Rg_1575276443.mp4,24,07:09:05,07:15:05,0,100,0,(1479x11)(1765x297); 1.437,
/home/itec/philipp/nobackup/fn-new-videos/Dobeyy/20191206_oSWbDRrlGkWHUy03GsJJ0w_1575616115.mp4,13,02:36:08,02:37:54,0,100,0,(1526x51)(1812x337); 1.505,
/home/itec/philipp/nobackup/fn-new-videos/Dobeyy/20191201_QwZHyJpoEUe2wbxQtephuQ_1575173844.mp4,4,01:07:55,01:27:36,1,1,-1,(1523x51)(1809x337); 1.505,
/home/itec/philipp/nobackup/fn-new-videos/Dobeyy/20191208_JaxUCPNTgUunL5ditZJSSw_1575798414.mp4,12,03:38:41,03:58:12,1,1,-1,(1502x11)(1788x297); 1.402,
/home/itec/philipp/nobackup/fn-new-videos/Mufffinz/20191130_qONTrtE_VkmWsaWg1YZDuA_1575151268.mp4,1,00:26:39,00:29:47,0,100,0,(1513x49)(1799x335); 0.997,
/home/itec/philipp/nobackup/fn-new-videos/Dobeyy/20191205_47w92chcOkSwhlWtvmQeaA_1575540054.mp4,7,01:15:45,01:35:28,0,100,0,(1495x50)(1781x336); 1.474,
/home/itec/philipp/nobackup/fn-new-videos/Frvstz/20191209_EH0IE3f7PUi-eQaeu23u4w_1575888317.mp4,6,03:09:45,03:25:13,-1,100,0,(1639x52)(1925x338); 1.067,
/home/itec/philipp/nobackup/fn-new-videos/Flopysock/20191202_HWnwd-xPGUKBZ76s3C_7Rg_1575276443.mp4,25,07:18:18,07:28:01,0,100,0,(1479x11)(1765x297); 1.437,
/home/itec/philipp/nobackup/fn-new-videos/Dobeyy/20191201_QwZHyJpoEUe2wbxQtephuQ_1575173844.mp4,5,01:49:40,01:57:43,-1,100,0,(1523x51)(1809x337); 1.505,
/home/itec/philipp/nobackup/fn-new-videos/Dobeyy/20191208_JaxUCPNTgUunL5ditZJSSw_1575798414.mp4,13,04:01:00,04:11:43,0,100,0,(1502x11)(1788x297); 1.402,
/home/itec/philipp/nobackup/fn-new-videos/Dobeyy/20191205_47w92chcOkSwhlWtvmQeaA_1575540054.mp4,8,01:37:47,01:44:34,0,100,0,(1495x50)(1781x336); 1.474,
/home/itec/philipp/nobackup/fn-new-videos/Dobeyy/20191211_CnkpA2zNi0yi4vFD2abywQ_1576049150.mp4,7,02:01:18,02:20:16,0,100,0,(1527x11)(1813x297); 1.430,
/home/itec/philipp/nobackup/fn-new-videos/Dobeyy/20191130_p4rb2sbJ2kuiVEK-8_8gXA_1575103497.mp4,10,02:27:57,02:43:08,-1,100,0,(1525x51)(1811x337); 1.505,
/home/itec/philipp/nobackup/fn-new-videos/Dobeyy/20191206_oSWbDRrlGkWHUy03GsJJ0w_1575616115.mp4,14,02:39:39,02:58:57,0,100,0,(1526x51)(1812x337); 1.505,
/home/itec/philipp/nobackup/fn-new-videos/Dobeyy/20191130_p4rb2sbJ2kuiVEK-8_8gXA_1575103497.mp4,11,02:43:08,02:45:57,0,100,0,(1525x51)(1811x337); 1.505,
/home/itec/philipp/nobackup/fn-new-videos/Dobeyy/20191205_47w92chcOkSwhlWtvmQeaA_1575540054.mp4,9,01:48:39,01:52:01,-1,100,0,(1495x50)(1781x336); 1.474,
/home/itec/philipp/nobackup/fn-new-videos/Dobeyy/20191206_oSWbDRrlGkWHUy03GsJJ0w_1575616115.mp4,15,03:15:47,03:18:53,0,100,0,(1526x51)(1812x337); 1.505,
/home/itec/philipp/nobackup/fn-new-videos/Dobeyy/20191205_47w92chcOkSwhlWtvmQeaA_1575540054.mp4,10,01:52:01,01:57:07,0,100,0,(1495x50)(1781x336); 1.474,
/home/itec/philipp/nobackup/fn-new-videos/Dobeyy/20191201_QwZHyJpoEUe2wbxQtephuQ_1575173844.mp4,6,01:57:43,02:07:48,0,100,0,(1523x51)(1809x337); 1.505,
/home/itec/philipp/nobackup/fn-new-videos/Mufffinz/20191130_qONTrtE_VkmWsaWg1YZDuA_1575151268.mp4,2,00:31:18,00:49:47,0,100,0,(1513x49)(1799x335); 0.997,
/home/itec/philipp/nobackup/fn-new-videos/Flopysock/20191202_HWnwd-xPGUKBZ76s3C_7Rg_1575276443.mp4,26,07:29:49,07:40:14,0,100,0,(1479x11)(1765x297); 1.437,
/home/itec/philipp/nobackup/fn-new-videos/Dobeyy/20191206_oSWbDRrlGkWHUy03GsJJ0w_1575616115.mp4,16,03:20:31,03:27:25,-1,100,0,(1526x51)(1812x337); 1.505,
/home/itec/philipp/nobackup/fn-new-videos/Dobeyy/20191211_CnkpA2zNi0yi4vFD2abywQ_1576049150.mp4,8,02:23:26,02:35:40,0,100,0,(1527x11)(1813x297); 1.430,
/home/itec/philipp/nobackup/fn-new-videos/Dobeyy/20191201_QwZHyJpoEUe2wbxQtephuQ_1575173844.mp4,7,02:11:26,02:16:12,0,100,0,(1523x51)(1809x337); 1.505,
/home/itec/philipp/nobackup/fn-new-videos/Dobeyy/20191208_JaxUCPNTgUunL5ditZJSSw_1575798414.mp4,14,04:14:12,04:30:56,0,100,0,(1502x11)(1788x297); 1.402,
/home/itec/philipp/nobackup/fn-new-videos/Dobeyy/20191130_p4rb2sbJ2kuiVEK-8_8gXA_1575103497.mp4,12,02:49:20,03:06:48,0,100,0,(1525x51)(1811x337); 1.505,
/home/itec/philipp/nobackup/fn-new-videos/Dobeyy/20191208_JaxUCPNTgUunL5ditZJSSw_1575798414.mp4,15,04:32:43,04:36:41,0,100,0,(1502x11)(1788x297); 1.402,
/home/itec/philipp/nobackup/fn-new-videos/Dobeyy/20191211_CnkpA2zNi0yi4vFD2abywQ_1576049150.mp4,9,02:38:53,02:44:10,0,100,0,(1527x11)(1813x297); 1.430,
/home/itec/philipp/nobackup/fn-new-videos/Dobeyy/20191205_47w92chcOkSwhlWtvmQeaA_1575540054.mp4,11,02:00:44,02:20:10,0,100,0,(1495x50)(1781x336); 1.474,
/home/itec/philipp/nobackup/fn-new-videos/Dobeyy/20191206_oSWbDRrlGkWHUy03GsJJ0w_1575616115.mp4,17,03:27:25,03:41:01,0,100,0,(1526x51)(1812x337); 1.505,
/home/itec/philipp/nobackup/fn-new-videos/Dobeyy/20191205_47w92chcOkSwhlWtvmQeaA_1575540054.mp4,12,02:24:03,02:26:09,0,100,0,(1495x50)(1781x336); 1.474,
/home/itec/philipp/nobackup/fn-new-videos/Dobeyy/20191206_oSWbDRrlGkWHUy03GsJJ0w_1575616115.mp4,18,03:43:02,03:45:18,0,100,0,(1526x51)(1812x337); 1.505,
/home/itec/philipp/nobackup/fn-new-videos/Mufffinz/20191130_qONTrtE_VkmWsaWg1YZDuA_1575151268.mp4,3,00:52:53,01:10:39,1,1,-1,(1513x49)(1799x335); 0.997,
/home/itec/philipp/nobackup/fn-new-videos/Dobeyy/20191206_oSWbDRrlGkWHUy03GsJJ0w_1575616115.mp4,19,03:47:30,03:50:50,0,100,0,(1526x51)(1812x337); 1.505,
/home/itec/philipp/nobackup/fn-new-videos/Dobeyy/20191130_p4rb2sbJ2kuiVEK-8_8gXA_1575103497.mp4,13,03:14:41,03:30:38,0,100,0,(1525x51)(1811x337); 1.505,
/home/itec/philipp/nobackup/fn-new-videos/Dobeyy/20191206_oSWbDRrlGkWHUy03GsJJ0w_1575616115.mp4,20,03:53:19,03:55:18,0,100,0,(1526x51)(1812x337); 1.505,
/home/itec/philipp/nobackup/fn-new-videos/Flopysock/20191202_HWnwd-xPGUKBZ76s3C_7Rg_1575276443.mp4,27,08:01:18,08:16:36,0,100,0,(1479x11)(1765x297); 1.437,
/home/itec/philipp/nobackup/fn-new-videos/Dobeyy/20191201_QwZHyJpoEUe2wbxQtephuQ_1575173844.mp4,8,02:18:14,02:39:21,0,100,0,(1523x51)(1809x337); 1.505,
/home/itec/philipp/nobackup/fn-new-videos/Dobeyy/20191205_47w92chcOkSwhlWtvmQeaA_1575540054.mp4,13,02:30:54,02:43:24,0,100,0,(1495x50)(1781x336); 1.474,
/home/itec/philipp/nobackup/fn-new-videos/Dobeyy/20191206_oSWbDRrlGkWHUy03GsJJ0w_1575616115.mp4,21,03:56:54,04:01:06,0,100,0,(1526x51)(1812x337); 1.505,
/home/itec/philipp/nobackup/fn-new-videos/Dobeyy/20191211_CnkpA2zNi0yi4vFD2abywQ_1576049150.mp4,10,02:46:04,03:07:24,1,1,-1,(1527x11)(1813x297); 1.430,
/home/itec/philipp/nobackup/fn-new-videos/Mufffinz/20191210_QjvNrb9M7kCG1Nxh1yqXng_1576005552.mp4,1,00:24:49,00:29:03,0,100,0,(1528x50)(1814x336); 1.007,
/home/itec/philipp/nobackup/fn-new-videos/Dobeyy/20191211_CnkpA2zNi0yi4vFD2abywQ_1576049150.mp4,11,03:10:47,03:14:13,0,100,0,(1527x11)(1813x297); 1.430,
/home/itec/philipp/nobackup/fn-new-videos/Dobeyy/20191130_p4rb2sbJ2kuiVEK-8_8gXA_1575103497.mp4,14,03:32:31,03:44:28,0,100,0,(1525x51)(1811x337); 1.505,
/home/itec/philipp/nobackup/fn-new-videos/Mufffinz/20191210_QjvNrb9M7kCG1Nxh1yqXng_1576005552.mp4,2,00:31:04,00:34:04,0,100,0,(1528x50)(1814x336); 1.007,
/home/itec/philipp/nobackup/fn-new-videos/Dobeyy/20191209_tBxJ2L3sS0Kv8C8By-k3iA_1575876978.mp4,1,02:53:27,03:18:18,-1,-1,-1,(1483x11)(1769x297); 1.388,
/home/itec/philipp/nobackup/fn-new-videos/Mufffinz/20191130_qONTrtE_VkmWsaWg1YZDuA_1575151268.mp4,4,01:24:04,01:40:46,0,100,0,(1513x49)(1799x335); 0.997,
/home/itec/philipp/nobackup/fn-new-videos/Mufffinz/20191204_PhtOidhlP0muIdN_nVjE6w_1575484448.mp4,1,00:17:06,00:22:53,0,100,0,(1522x49)(1808x335); 1.004,
/home/itec/philipp/nobackup/fn-new-videos/Dobeyy/20191205_47w92chcOkSwhlWtvmQeaA_1575540054.mp4,14,02:49:04,03:04:43,-1,100,0,(1495x50)(1781x336); 1.474,
/home/itec/philipp/nobackup/fn-new-videos/Dobeyy/20191201_QwZHyJpoEUe2wbxQtephuQ_1575173844.mp4,9,02:46:06,03:06:03,0,100,0,(1523x51)(1809x337); 1.505,
/home/itec/philipp/nobackup/fn-new-videos/Mufffinz/20191204_PhtOidhlP0muIdN_nVjE6w_1575484448.mp4,2,00:24:30,00:26:09,0,100,0,(1522x49)(1808x335); 1.004,
/home/itec/philipp/nobackup/fn-new-videos/Mufffinz/20191210_QjvNrb9M7kCG1Nxh1yqXng_1576005552.mp4,3,00:36:01,00:44:46,0,100,0,(1528x50)(1814x336); 1.007,
/home/itec/philipp/nobackup/fn-new-videos/Dobeyy/20191206_oSWbDRrlGkWHUy03GsJJ0w_1575616115.mp4,22,04:53:27,05:12:58,1,1,-1,(1526x51)(1812x337); 1.505,
/home/itec/philipp/nobackup/fn-new-videos/Mufffinz/20191130_qONTrtE_VkmWsaWg1YZDuA_1575151268.mp4,5,02:08:08,02:13:53,0,100,0,(1513x49)(1799x335); 0.997,
/home/itec/philipp/nobackup/fn-new-videos/Mufffinz/20191204_PhtOidhlP0muIdN_nVjE6w_1575484448.mp4,3,00:30:40,00:39:40,0,100,0,(1522x49)(1808x335); 1.004,
/home/itec/philipp/nobackup/fn-new-videos/Dobeyy/20191130_p4rb2sbJ2kuiVEK-8_8gXA_1575103497.mp4,15,03:46:18,04:05:31,0,100,0,(1525x51)(1811x337); 1.505,
/home/itec/philipp/nobackup/fn-new-videos/Dobeyy/20191206_oSWbDRrlGkWHUy03GsJJ0w_1575616115.mp4,23,05:16:59,05:22:16,0,100,0,(1526x51)(1812x337); 1.505,
/home/itec/philipp/nobackup/fn-new-videos/Dobeyy/20191211_CnkpA2zNi0yi4vFD2abywQ_1576049150.mp4,12,03:17:44,03:40:39,-1,100,0,(1527x11)(1813x297); 1.430,
/home/itec/philipp/nobackup/fn-new-videos/Dobeyy/20191211_CnkpA2zNi0yi4vFD2abywQ_1576049150.mp4,13,03:40:39,03:42:21,0,100,0,(1527x11)(1813x297); 1.430,
/home/itec/philipp/nobackup/fn-new-videos/Mufffinz/20191204_PhtOidhlP0muIdN_nVjE6w_1575484448.mp4,4,00:43:43,00:48:13,0,100,0,(1522x49)(1808x335); 1.004,
/home/itec/philipp/nobackup/fn-new-videos/Dobeyy/20191205_47w92chcOkSwhlWtvmQeaA_1575540054.mp4,15,03:04:43,03:23:49,0,100,0,(1495x50)(1781x336); 1.474,
/home/itec/philipp/nobackup/fn-new-videos/Mufffinz/20191203_zu4WUaIof0OHhWjopbaFRg_1575389889.mp4,1,00:19:54,00:24:28,0,100,0,(1517x48)(1803x334); 1.000,
/home/itec/philipp/nobackup/fn-new-videos/Mufffinz/20191209_Yl4LrLk8x0-sCBJ5syUPlw_1575874178.mp4,1,00:21:10,00:30:50,0,100,0,(1528x50)(1814x336); 1.007,
/home/itec/philipp/nobackup/fn-new-videos/Frvstz/20191209_EH0IE3f7PUi-eQaeu23u4w_1575888317.mp4,7,03:25:13,04:15:11,-1,-1,-1,(1639x52)(1925x338); 1.067,
/home/itec/philipp/nobackup/fn-new-videos/Mufffinz/20191203_zu4WUaIof0OHhWjopbaFRg_1575389889.mp4,2,00:32:35,00:34:23,0,100,0,(1517x48)(1803x334); 1.000,
/home/itec/philipp/nobackup/fn-new-videos/Mufffinz/20191204_PhtOidhlP0muIdN_nVjE6w_1575484448.mp4,5,00:50:19,00:55:45,-1,100,0,(1522x49)(1808x335); 1.004,
/home/itec/philipp/nobackup/fn-new-videos/Mufffinz/20191130_qONTrtE_VkmWsaWg1YZDuA_1575151268.mp4,6,02:18:42,02:31:04,0,100,0,(1513x49)(1799x335); 0.997,
/home/itec/philipp/nobackup/fn-new-videos/Dobeyy/20191206_oSWbDRrlGkWHUy03GsJJ0w_1575616115.mp4,24,05:26:42,05:39:34,0,100,0,(1526x51)(1812x337); 1.505,
/home/itec/philipp/nobackup/fn-new-videos/Dobeyy/20191130_p4rb2sbJ2kuiVEK-8_8gXA_1575103497.mp4,16,04:10:22,04:26:51,1,1,-1,(1525x51)(1811x337); 1.505,
/home/itec/philipp/nobackup/fn-new-videos/Mufffinz/20191210_QjvNrb9M7kCG1Nxh1yqXng_1576005552.mp4,4,00:48:29,01:09:41,-1,100,0,(1528x50)(1814x336); 1.007,
/home/itec/philipp/nobackup/fn-new-videos/Mufffinz/20191204_PhtOidhlP0muIdN_nVjE6w_1575484448.mp4,6,00:55:45,00:59:46,0,100,0,(1522x49)(1808x335); 1.004,
/home/itec/philipp/nobackup/fn-new-videos/Dobeyy/20191206_oSWbDRrlGkWHUy03GsJJ0w_1575616115.mp4,25,05:43:26,05:47:32,0,100,0,(1526x51)(1812x337); 1.505,
/home/itec/philipp/nobackup/fn-new-videos/Mufffinz/20191210_QjvNrb9M7kCG1Nxh1yqXng_1576005552.mp4,5,01:09:41,01:13:29,0,100,0,(1528x50)(1814x336); 1.007,
/home/itec/philipp/nobackup/fn-new-videos/Mufffinz/20191204_PhtOidhlP0muIdN_nVjE6w_1575484448.mp4,7,01:01:33,01:12:58,0,100,0,(1522x49)(1808x335); 1.004,
/home/itec/philipp/nobackup/fn-new-videos/Dobeyy/20191130_p4rb2sbJ2kuiVEK-8_8gXA_1575103497.mp4,17,04:34:36,04:51:18,1,1,-1,(1525x51)(1811x337); 1.505,
/home/itec/philipp/nobackup/fn-new-videos/Dobeyy/20191211_CnkpA2zNi0yi4vFD2abywQ_1576049150.mp4,14,03:44:45,04:05:47,0,100,0,(1527x11)(1813x297); 1.430,
/home/itec/philipp/nobackup/fn-new-videos/Mufffinz/20191204_PhtOidhlP0muIdN_nVjE6w_1575484448.mp4,8,01:15:03,01:15:56,0,100,0,(1522x49)(1808x335); 1.004,
/home/itec/philipp/nobackup/fn-new-videos/Dobeyy/20191206_oSWbDRrlGkWHUy03GsJJ0w_1575616115.mp4,26,05:49:16,06:05:21,0,100,0,(1526x51)(1812x337); 1.505,
/home/itec/philipp/nobackup/fn-new-videos/Dobeyy/20191130_p4rb2sbJ2kuiVEK-8_8gXA_1575103497.mp4,18,04:58:22,05:01:38,0,100,0,(1525x51)(1811x337); 1.505,
/home/itec/philipp/nobackup/fn-new-videos/Mufffinz/20191130_qONTrtE_VkmWsaWg1YZDuA_1575151268.mp4,7,02:33:36,02:51:23,0,100,0,(1513x49)(1799x335); 0.997,
/home/itec/philipp/nobackup/fn-new-videos/Mufffinz/20191210_QjvNrb9M7kCG1Nxh1yqXng_1576005552.mp4,6,01:15:38,01:27:39,-1,100,0,(1528x50)(1814x336); 1.007,
/home/itec/philipp/nobackup/fn-new-videos/Dobeyy/20191206_oSWbDRrlGkWHUy03GsJJ0w_1575616115.mp4,27,06:07:10,06:10:15,0,100,0,(1526x51)(1812x337); 1.505,
/home/itec/philipp/nobackup/fn-new-videos/Mufffinz/20191204_PhtOidhlP0muIdN_nVjE6w_1575484448.mp4,9,01:18:32,01:23:30,0,100,0,(1522x49)(1808x335); 1.004,
/home/itec/philipp/nobackup/fn-new-videos/Mufffinz/20191130_qONTrtE_VkmWsaWg1YZDuA_1575151268.mp4,8,02:56:19,02:59:18,0,100,0,(1513x49)(1799x335); 0.997,
/home/itec/philipp/nobackup/fn-new-videos/Dobeyy/20191211_CnkpA2zNi0yi4vFD2abywQ_1576049150.mp4,15,04:08:46,04:17:45,0,100,0,(1527x11)(1813x297); 1.430,
/home/itec/philipp/nobackup/fn-new-videos/Mufffinz/20191209_Yl4LrLk8x0-sCBJ5syUPlw_1575874178.mp4,2,01:00:04,01:17:20,0,100,0,(1528x50)(1814x336); 1.007,
/home/itec/philipp/nobackup/fn-new-videos/Dobeyy/20191130_p4rb2sbJ2kuiVEK-8_8gXA_1575103497.mp4,19,05:03:13,05:13:37,0,100,0,(1525x51)(1811x337); 1.505,
/home/itec/philipp/nobackup/fn-new-videos/Mufffinz/20191130_qONTrtE_VkmWsaWg1YZDuA_1575151268.mp4,9,03:00:54,03:03:38,0,100,0,(1513x49)(1799x335); 0.997,
/home/itec/philipp/nobackup/fn-new-videos/Mufffinz/20191209_Yl4LrLk8x0-sCBJ5syUPlw_1575874178.mp4,3,01:18:56,01:21:33,0,100,0,(1528x50)(1814x336); 1.007,
/home/itec/philipp/nobackup/fn-new-videos/Mufffinz/20191203_zu4WUaIof0OHhWjopbaFRg_1575389889.mp4,3,00:56:21,01:20:05,0,100,0,(1517x48)(1803x334); 1.000,
/home/itec/philipp/nobackup/fn-new-videos/Dobeyy/20191206_oSWbDRrlGkWHUy03GsJJ0w_1575616115.mp4,28,06:19:08,06:32:25,0,100,0,(1526x51)(1812x337); 1.505,
/home/itec/philipp/nobackup/fn-new-videos/Mufffinz/20191209_Yl4LrLk8x0-sCBJ5syUPlw_1575874178.mp4,4,01:23:19,01:27:57,0,100,0,(1528x50)(1814x336); 1.007,
/home/itec/philipp/nobackup/fn-new-videos/Dobeyy/20191211_CnkpA2zNi0yi4vFD2abywQ_1576049150.mp4,16,04:23:44,04:33:32,-1,100,0,(1527x11)(1813x297); 1.430,
/home/itec/philipp/nobackup/fn-new-videos/Mufffinz/20191203_zu4WUaIof0OHhWjopbaFRg_1575389889.mp4,4,01:21:46,01:26:20,0,100,0,(1517x48)(1803x334); 1.000,
/home/itec/philipp/nobackup/fn-new-videos/Mufffinz/20191210_QjvNrb9M7kCG1Nxh1yqXng_1576005552.mp4,8,01:28:38,01:44:49,0,100,0,(1528x50)(1814x336); 1.007,
/home/itec/philipp/nobackup/fn-new-videos/Mufffinz/20191204_PhtOidhlP0muIdN_nVjE6w_1575484448.mp4,10,01:25:26,01:40:14,0,100,0,(1522x49)(1808x335); 1.004,
/home/itec/philipp/nobackup/fn-new-videos/Dobeyy/20191211_CnkpA2zNi0yi4vFD2abywQ_1576049150.mp4,17,04:33:32,04:36:31,0,100,0,(1527x11)(1813x297); 1.430,
/home/itec/philipp/nobackup/fn-new-videos/Mufffinz/20191130_qONTrtE_VkmWsaWg1YZDuA_1575151268.mp4,10,03:05:08,03:17:44,0,100,0,(1513x49)(1799x335); 0.997,
/home/itec/philipp/nobackup/fn-new-videos/Dobeyy/20191206_oSWbDRrlGkWHUy03GsJJ0w_1575616115.mp4,29,06:32:35,06:38:54,-1,100,0,(1526x51)(1812x337); 1.505,
/home/itec/philipp/nobackup/fn-new-videos/Dobeyy/20191211_CnkpA2zNi0yi4vFD2abywQ_1576049150.mp4,18,04:38:42,04:40:30,0,100,0,(1527x11)(1813x297); 1.430,
/home/itec/philipp/nobackup/fn-new-videos/Mufffinz/20191209_Yl4LrLk8x0-sCBJ5syUPlw_1575874178.mp4,5,01:30:23,01:34:08,-1,100,0,(1528x50)(1814x336); 1.007,
/home/itec/philipp/nobackup/fn-new-videos/Dobeyy/20191206_oSWbDRrlGkWHUy03GsJJ0w_1575616115.mp4,30,06:38:54,06:40:55,0,100,0,(1526x51)(1812x337); 1.505,
/home/itec/philipp/nobackup/fn-new-videos/Mufffinz/20191203_zu4WUaIof0OHhWjopbaFRg_1575389889.mp4,5,01:28:05,01:34:54,0,100,0,(1517x48)(1803x334); 1.000,
/home/itec/philipp/nobackup/fn-new-videos/Dobeyy/20191130_p4rb2sbJ2kuiVEK-8_8gXA_1575103497.mp4,20,05:17:02,05:35:05,1,1,-1,(1525x51)(1811x337); 1.505,
/home/itec/philipp/nobackup/fn-new-videos/Mufffinz/20191210_QjvNrb9M7kCG1Nxh1yqXng_1576005552.mp4,9,01:48:54,02:02:12,0,100,0,(1528x50)(1814x336); 1.007,
/home/itec/philipp/nobackup/fn-new-videos/Mufffinz/20191204_PhtOidhlP0muIdN_nVjE6w_1575484448.mp4,11,01:43:11,01:58:36,1,1,-1,(1522x49)(1808x335); 1.004,
/home/itec/philipp/nobackup/fn-new-videos/Mufffinz/20191203_zu4WUaIof0OHhWjopbaFRg_1575389889.mp4,6,01:48:27,01:56:47,0,100,0,(1517x48)(1803x334); 1.000,
/home/itec/philipp/nobackup/fn-new-videos/Mufffinz/20191130_qONTrtE_VkmWsaWg1YZDuA_1575151268.mp4,11,03:19:21,03:33:33,0,100,0,(1513x49)(1799x335); 0.997,
/home/itec/philipp/nobackup/fn-new-videos/Dobeyy/20191130_p4rb2sbJ2kuiVEK-8_8gXA_1575103497.mp4,21,05:44:03,05:50:29,-1,100,0,(1525x51)(1811x337); 1.505,
/home/itec/philipp/nobackup/fn-new-videos/Mufffinz/20191209_Yl4LrLk8x0-sCBJ5syUPlw_1575874178.mp4,6,01:34:08,01:46:25,0,100,0,(1528x50)(1814x336); 1.007,
/home/itec/philipp/nobackup/fn-new-videos/Dobeyy/20191130_p4rb2sbJ2kuiVEK-8_8gXA_1575103497.mp4,22,05:50:29,05:53:08,0,100,0,(1525x51)(1811x337); 1.505,
/home/itec/philipp/nobackup/fn-new-videos/Mufffinz/20191130_qONTrtE_VkmWsaWg1YZDuA_1575151268.mp4,12,03:35:13,03:38:24,0,100,0,(1513x49)(1799x335); 0.997,
/home/itec/philipp/nobackup/fn-new-videos/Mufffinz/20191203_zu4WUaIof0OHhWjopbaFRg_1575389889.mp4,7,01:58:29,02:10:47,0,100,0,(1517x48)(1803x334); 1.000,
/home/itec/philipp/nobackup/fn-new-videos/Mufffinz/20191204_PhtOidhlP0muIdN_nVjE6w_1575484448.mp4,12,02:00:06,02:12:18,1,1,-1,(1522x49)(1808x335); 1.004,
/home/itec/philipp/nobackup/fn-new-videos/Dobeyy/20191130_p4rb2sbJ2kuiVEK-8_8gXA_1575103497.mp4,23,05:56:11,06:08:24,0,100,0,(1525x51)(1811x337); 1.505,
/home/itec/philipp/nobackup/fn-new-videos/Mufffinz/20191209_Yl4LrLk8x0-sCBJ5syUPlw_1575874178.mp4,7,01:48:01,01:59:27,0,100,0,(1528x50)(1814x336); 1.007,
/home/itec/philipp/nobackup/fn-new-videos/Dobeyy/20191206_oSWbDRrlGkWHUy03GsJJ0w_1575616115.mp4,31,06:42:38,07:05:43,0,100,0,(1526x51)(1812x337); 1.505,
/home/itec/philipp/nobackup/fn-new-videos/Dobeyy/20191130_p4rb2sbJ2kuiVEK-8_8gXA_1575103497.mp4,24,06:15:25,06:19:04,0,100,0,(1525x51)(1811x337); 1.505,
/home/itec/philipp/nobackup/fn-new-videos/Mufffinz/20191210_QjvNrb9M7kCG1Nxh1yqXng_1576005552.mp4,10,02:06:12,02:28:10,0,100,0,(1528x50)(1814x336); 1.007,
/home/itec/philipp/nobackup/fn-new-videos/Mufffinz/20191204_PhtOidhlP0muIdN_nVjE6w_1575484448.mp4,13,02:24:21,02:25:53,0,100,0,(1522x49)(1808x335); 1.004,
/home/itec/philipp/nobackup/fn-new-videos/Allenownz/20191130_6A9mtBPCwEasXRNJ-vMT_g_1575108156.mp4,1,00:29:28,00:34:09,-1,100,0,(1975x11)(2261x297); 1.187,
/home/itec/philipp/nobackup/fn-new-videos/Dobeyy/20191130_p4rb2sbJ2kuiVEK-8_8gXA_1575103497.mp4,25,06:21:36,06:23:24,0,100,0,(1525x51)(1811x337); 1.505,
/home/itec/philipp/nobackup/fn-new-videos/Dobeyy/20191130_p4rb2sbJ2kuiVEK-8_8gXA_1575103497.mp4,26,06:25:13,06:27:37,-1,100,0,(1525x51)(1811x337); 1.505,
/home/itec/philipp/nobackup/fn-new-videos/Dobeyy/20191206_oSWbDRrlGkWHUy03GsJJ0w_1575616115.mp4,32,07:09:29,07:23:13,0,100,0,(1526x51)(1812x337); 1.505,
/home/itec/philipp/nobackup/fn-new-videos/Dobeyy/20191206_oSWbDRrlGkWHUy03GsJJ0w_1575616115.mp4,33,07:27:29,07:29:25,0,100,0,(1526x51)(1812x337); 1.505,
/home/itec/philipp/nobackup/fn-new-videos/Allenownz/20191130_6A9mtBPCwEasXRNJ-vMT_g_1575108156.mp4,2,00:34:09,00:41:19,-1,100,0,(1975x11)(2261x297); 1.187,
/home/itec/philipp/nobackup/fn-new-videos/Mufffinz/20191203_zu4WUaIof0OHhWjopbaFRg_1575389889.mp4,8,02:12:36,02:30:16,0,100,0,(1517x48)(1803x334); 1.000,
/home/itec/philipp/nobackup/fn-new-videos/Mufffinz/20191204_PhtOidhlP0muIdN_nVjE6w_1575484448.mp4,14,02:32:34,02:45:47,0,100,0,(1522x49)(1808x335); 1.004,
/home/itec/philipp/nobackup/fn-new-videos/Mufffinz/20191209_Yl4LrLk8x0-sCBJ5syUPlw_1575874178.mp4,8,02:00:42,02:17:08,0,100,0,(1528x50)(1814x336); 1.007,
/home/itec/philipp/nobackup/fn-new-videos/Dobeyy/20191130_p4rb2sbJ2kuiVEK-8_8gXA_1575103497.mp4,27,06:27:37,06:40:47,-1,100,0,(1525x51)(1811x337); 1.505,
/home/itec/philipp/nobackup/fn-new-videos/Mufffinz/20191209_Yl4LrLk8x0-sCBJ5syUPlw_1575874178.mp4,9,02:18:48,02:23:42,0,100,0,(1528x50)(1814x336); 1.007,
/home/itec/philipp/nobackup/fn-new-videos/Allenownz/20191130_6A9mtBPCwEasXRNJ-vMT_g_1575108156.mp4,3,00:41:19,00:48:30,-1,100,0,(1975x11)(2261x297); 1.187,
/home/itec/philipp/nobackup/fn-new-videos/Mufffinz/20191204_PhtOidhlP0muIdN_nVjE6w_1575484448.mp4,15,02:47:53,03:02:00,0,100,0,(1522x49)(1808x335); 1.004,
/home/itec/philipp/nobackup/fn-new-videos/Dobeyy/20191206_oSWbDRrlGkWHUy03GsJJ0w_1575616115.mp4,34,07:33:10,07:50:42,1,1,-1,(1526x51)(1812x337); 1.505,
/home/itec/philipp/nobackup/fn-new-videos/Dobeyy/20191130_p4rb2sbJ2kuiVEK-8_8gXA_1575103497.mp4,28,06:40:47,06:53:14,0,100,0,(1525x51)(1811x337); 1.505,
/home/itec/philipp/nobackup/fn-new-videos/Dobeyy/20191130_p4rb2sbJ2kuiVEK-8_8gXA_1575103497.mp4,29,06:56:38,07:02:09,-1,100,0,(1525x51)(1811x337); 1.505,
/home/itec/philipp/nobackup/fn-new-videos/Mufffinz/20191209_Yl4LrLk8x0-sCBJ5syUPlw_1575874178.mp4,10,02:25:31,02:45:24,0,100,0,(1528x50)(1814x336); 1.007,
/home/itec/philipp/nobackup/fn-new-videos/Dobeyy/20191130_p4rb2sbJ2kuiVEK-8_8gXA_1575103497.mp4,30,07:02:09,07:05:01,-1,100,0,(1525x51)(1811x337); 1.505,
/home/itec/philipp/nobackup/fn-new-videos/Mufffinz/20191204_PhtOidhlP0muIdN_nVjE6w_1575484448.mp4,16,03:26:33,03:40:53,0,100,0,(1522x49)(1808x335); 1.004,
/home/itec/philipp/nobackup/fn-new-videos/Mufffinz/20191209_Yl4LrLk8x0-sCBJ5syUPlw_1575874178.mp4,11,02:47:07,02:58:23,0,100,0,(1528x50)(1814x336); 1.007,
/home/itec/philipp/nobackup/fn-new-videos/Allenownz/20191130_6A9mtBPCwEasXRNJ-vMT_g_1575108156.mp4,4,00:48:30,01:07:51,-1,100,0,(1975x11)(2261x297); 1.187,
/home/itec/philipp/nobackup/fn-new-videos/Dobeyy/20191130_p4rb2sbJ2kuiVEK-8_8gXA_1575103497.mp4,31,07:05:01,07:25:19,1,1,-1,(1525x51)(1811x337); 1.505,
/home/itec/philipp/nobackup/fn-new-videos/Mufffinz/20191204_PhtOidhlP0muIdN_nVjE6w_1575484448.mp4,17,03:43:00,03:54:50,0,100,0,(1522x49)(1808x335); 1.004,
/home/itec/philipp/nobackup/fn-new-videos/Dobeyy/20191130_p4rb2sbJ2kuiVEK-8_8gXA_1575103497.mp4,32,07:41:04,07:42:19,0,100,0,(1525x51)(1811x337); 1.505,
/home/itec/philipp/nobackup/fn-new-videos/Mufffinz/20191204_PhtOidhlP0muIdN_nVjE6w_1575484448.mp4,18,03:56:35,04:00:15,-1,100,0,(1522x49)(1808x335); 1.004,
/home/itec/philipp/nobackup/fn-new-videos/Mufffinz/20191204_PhtOidhlP0muIdN_nVjE6w_1575484448.mp4,19,04:00:15,04:10:11,0,100,0,(1522x49)(1808x335); 1.004,
/home/itec/philipp/nobackup/fn-new-videos/Allenownz/20191130_6A9mtBPCwEasXRNJ-vMT_g_1575108156.mp4,5,01:07:51,01:21:55,-1,100,0,(1975x11)(2261x297); 1.187,
/home/itec/philipp/nobackup/fn-new-videos/Dobeyy/20191130_p4rb2sbJ2kuiVEK-8_8gXA_1575103497.mp4,33,07:44:03,08:06:07,0,100,0,(1525x51)(1811x337); 1.505,
/home/itec/philipp/nobackup/fn-new-videos/Mufffinz/20191204_PhtOidhlP0muIdN_nVjE6w_1575484448.mp4,20,04:12:17,04:13:37,0,100,0,(1522x49)(1808x335); 1.004,
/home/itec/philipp/nobackup/fn-new-videos/Mufffinz/20191204_PhtOidhlP0muIdN_nVjE6w_1575484448.mp4,21,04:16:26,04:22:53,0,100,0,(1522x49)(1808x335); 1.004,
/home/itec/philipp/nobackup/fn-new-videos/Allenownz/20191130_6A9mtBPCwEasXRNJ-vMT_g_1575108156.mp4,6,01:21:55,01:26:59,-1,100,0,(1975x11)(2261x297); 1.187,
/home/itec/philipp/nobackup/fn-new-videos/Allenownz/20191130_6A9mtBPCwEasXRNJ-vMT_g_1575108156.mp4,7,01:26:59,01:39:34,-1,100,0,(1975x11)(2261x297); 1.187,
/home/itec/philipp/nobackup/fn-new-videos/Allenownz/20191130_6A9mtBPCwEasXRNJ-vMT_g_1575108156.mp4,8,01:39:34,01:57:19,-1,100,0,(1975x11)(2261x297); 1.187,
/home/itec/philipp/nobackup/fn-new-videos/Allenownz/20191130_6A9mtBPCwEasXRNJ-vMT_g_1575108156.mp4,9,01:57:19,02:03:36,-1,100,0,(1975x11)(2261x297); 1.187,
/home/itec/philipp/nobackup/fn-new-videos/Allenownz/20191130_6A9mtBPCwEasXRNJ-vMT_g_1575108156.mp4,10,02:03:36,02:22:26,-1,100,0,(1975x11)(2261x297); 1.187,
/home/itec/philipp/nobackup/fn-new-videos/Allenownz/20191130_6A9mtBPCwEasXRNJ-vMT_g_1575108156.mp4,11,02:22:26,02:26:44,-1,100,0,(1975x11)(2261x297); 1.187,
/home/itec/philipp/nobackup/fn-new-videos/Allenownz/20191130_6A9mtBPCwEasXRNJ-vMT_g_1575108156.mp4,12,02:26:44,02:38:50,-1,100,0,(1975x11)(2261x297); 1.187,
/home/itec/philipp/nobackup/fn-new-videos/Allenownz/20191130_6A9mtBPCwEasXRNJ-vMT_g_1575108156.mp4,13,02:38:50,02:57:30,-1,100,0,(1975x11)(2261x297); 1.187,
/home/itec/philipp/nobackup/fn-new-videos/Allenownz/20191130_6A9mtBPCwEasXRNJ-vMT_g_1575108156.mp4,14,02:57:30,03:01:58,-1,100,0,(1975x11)(2261x297); 1.187,
/home/itec/philipp/nobackup/fn-new-videos/Allenownz/20191130_6A9mtBPCwEasXRNJ-vMT_g_1575108156.mp4,15,03:01:58,03:11:09,-1,100,0,(1975x11)(2261x297); 1.187,
/home/itec/philipp/nobackup/fn-new-videos/Allenownz/20191130_6A9mtBPCwEasXRNJ-vMT_g_1575108156.mp4,16,03:11:09,03:15:33,-1,100,0,(1975x11)(2261x297); 1.187,
/home/itec/philipp/nobackup/fn-new-videos/Allenownz/20191130_6A9mtBPCwEasXRNJ-vMT_g_1575108156.mp4,17,03:15:33,03:20:39,-1,100,0,(1975x11)(2261x297); 1.187,
/home/itec/philipp/nobackup/fn-new-videos/Allenownz/20191130_6A9mtBPCwEasXRNJ-vMT_g_1575108156.mp4,18,03:20:39,03:34:02,-1,100,0,(1975x11)(2261x297); 1.187,
/home/itec/philipp/nobackup/fn-new-videos/Allenownz/20191130_6A9mtBPCwEasXRNJ-vMT_g_1575108156.mp4,19,03:34:02,03:41:10,-1,100,0,(1975x11)(2261x297); 1.187,
/home/itec/philipp/nobackup/fn-new-videos/Allenownz/20191130_6A9mtBPCwEasXRNJ-vMT_g_1575108156.mp4,20,03:41:10,03:44:35,-1,100,0,(1975x11)(2261x297); 1.187,
/home/itec/philipp/nobackup/fn-new-videos/Allenownz/20191130_6A9mtBPCwEasXRNJ-vMT_g_1575108156.mp4,21,03:44:35,03:49:31,-1,100,0,(1975x11)(2261x297); 1.187,
/home/itec/philipp/nobackup/fn-new-videos/Allenownz/20191130_6A9mtBPCwEasXRNJ-vMT_g_1575108156.mp4,22,03:49:31,03:55:08,-1,100,0,(1975x11)(2261x297); 1.187,
/home/itec/philipp/nobackup/fn-new-videos/Allenownz/20191130_6A9mtBPCwEasXRNJ-vMT_g_1575108156.mp4,23,03:55:08,03:59:04,-1,100,0,(1975x11)(2261x297); 1.187,
/home/itec/philipp/nobackup/fn-new-videos/Allenownz/20191130_6A9mtBPCwEasXRNJ-vMT_g_1575108156.mp4,24,03:59:04,04:20:18,-1,100,0,(1975x11)(2261x297); 1.187,
/home/itec/philipp/nobackup/fn-new-videos/Allenownz/20191130_6A9mtBPCwEasXRNJ-vMT_g_1575108156.mp4,25,04:20:18,04:26:43,-1,100,0,(1975x11)(2261x297); 1.187,
/home/itec/philipp/nobackup/fn-new-videos/Allenownz/20191130_6A9mtBPCwEasXRNJ-vMT_g_1575108156.mp4,26,04:26:43,05:00:32,-1,-1,-1,(1975x11)(2261x297); 1.187,
/home/itec/philipp/nobackup/fn-new-videos/Allenownz/20191204_YNLA0Iu1GEySUC3OxcDWCQ_1575477353.mp4,1,04:53:26,10:59:53,-1,-1,-1,(1731x0)(2017x286); 1.158,
